title, price, j_price, score, cost_per, performance, continue, face, photo
OPPO Reno7 Pro（8GB/256GB/全网通/5G版）天玑1200 MAX处理器，超感光猫眼镜头，航天级星雨光刻工艺，65W超级闪充,3699,3699,8.8,9.1,9.0,9.0,9.2,9.3
vivo X70 Pro+（12GB/256GB/全网通/5G版）高通骁龙888Plus处理器，120Hz三星E5 LTPO屏，专业影像芯片 V1，微云台双主摄,5999,5999,8.9,8.7,10.0,8.6,8.8,9.2
荣耀60（8GB/128GB/全网通/5G版）骁龙778G 5G处理器，1亿像素超清影像，AI手势识别，66W智慧超级闪充,2699,2699,8.4,0.0,8.2,0.0,0.0,0.0
一加9 Pro（12GB/256GB/全网通/5G版）哈苏手机影像系统，4K 120帧视频拍摄，自由曲面镜头,5499,4699,8.6,8.5,9.5,6.7,9.0,8.1
华为P50 Pro（8GB/256GB/全网通/麒麟9000）万象双环设计，120Hz OLED显示屏，IP68防尘防水，鸿蒙2.0系统,6488,6488,8.6,7.6,9.0,9.0,9.0,9.2
华为Mate40 Pro（8GB/256GB/全网通/5G版/玻璃版）麒麟9000，88°超曲环幕屏，66W快充，50W无线快充，IP68级防水防尘，3D人脸识别,6999,6798,8.7,8.8,9.0,8.8,8.9,9.2
iQOO 7（12GB/256GB/全网通/5G版）高通骁龙888，120W超快闪充，120Hz全感屏，全感抑制系统，4K级动力泵液冷散热,3298,3598,8.7,9.3,9.6,8.0,8.9,8.5
魅族18 Pro（8GB/256GB/全网通/5G版）极边四曲微弧屏，AR全场景大师影像系统，高通骁龙888,4499,5499,8.4,8.0,9.5,8.3,9.0,9.0
realme GT Neo（8GB/128GB/全网通/5G版）联发科天玑1200，3D钢化VC液冷散热，GT模式，50W智慧闪充,1999,1999,8.6,9.5,9.2,7.7,8.1,8.0
"OPPO Reno7（8GB/128GB/全网通/5G版）高通骁龙778G处理器，超感光猫眼镜头，航天级星雨光刻工艺,6400万大师人像三摄",2699,2699,9.0,9.2,8.6,9.4,8.7,9.2
苹果iPhone 13 Pro Max（128GB/全网通/5G版）A15仿生芯片，超视网膜XDR显示屏，Pro级摄像头系统，ProMotion自适应刷新率技术,8999,8999,8.7,7.3,9.8,8.9,8.2,9.1
荣耀50（8GB/256GB/全网通/5G版）高通骁龙778G处理器，亿级像素高清影像，66W超级闪充，120Hz高刷超曲屏,2999,2769,8.4,8.6,9.0,8.7,9.9,7.8
苹果iPhone 13（128GB/全网通/5G版）解锁超能力，超先进双摄系统，A15仿生芯片,5999,5999,6.5,6.2,6.5,6.2,6.5,7.2
Redmi K40（12GB/256GB/全网通/5G版）高通骁龙870，4800万像素三摄，7.8mm轻薄设计，4520mAh大电量,2299,2299,6.6,7.2,7.3,6.5,6.6,5.4
荣耀60 Pro（8GB/256GB/全网通/5G版）骁龙778G 5G处理器，1亿像素超清影像，AI手势识别，66W智慧超级闪充,3699,3699,8.3,7.4,8.2,8.3,8.3,9.7
小米11（8GB/128GB/全网通/5G版）骁龙888，WiFi6增强版，LPDDR5满血版，一亿像素，2K AMOLED柔性屏，心率检测,3299,3499,8.4,8.8,9.2,7.8,8.5,7.7
小米12（全网通/5G版）,概念产品, ,7.1, , , , , 
OPPO Reno6（12GB/256GB/全网通/5G版）6400万像素水光镜头，65w超级快充，90Hz高感屏，36个月流畅护航,2999,2999,9.1,8.9,8.8,9.4,9.7,9.5
小米MIX 4（12GB/256GB/全网通/5G版）高通骁龙888Plus处理器，CUP全面屏，轻量化一体精密陶瓷，120瓦双档快充，UWB一指连,4999,4969,8.1,6.5,8.5,8.3,8.5,7.5
Moto Edge X30（8GB/128GB/全网通/5G版）骁龙8 Gen1处理器，超大底前后三主摄，68W快充，144Hz10亿色超感臻彩屏,2999, ,8.8, , , , , 
Redmi Note 11（6GB/128GB/全网通/5G版）联发科天玑810处理器，X轴线性马达,1299, ,6.4, , , , , 
iQOO Z5（8GB/128GB/全网通/5G版）高通骁龙778G处理器，120Hz高刷原色屏，5000mAh超大电池，旗舰级VC液冷散热,1899, ,8.7, , , , , 
苹果iPhone 13 Pro（256GB/全网通/5G版）A15仿生芯片，超视网膜XDR显示屏，Pro级摄像头系统，ProMotion自适应刷新率技术,8799,8799,6.8,5,7.4,7.4,6.6,7.4
Redmi Note 11 Pro（8GB/128GB/全网通/5G版）联发科天玑920处理器，对称式超线性双扬声器，1亿像素后置三摄，VC液冷散热,1899, ,5.8, , , , , 
华为P50（8GB/128GB/全网通）高通骁龙888处理器，90Hz OLED显示屏，IP68防尘防水，鸿蒙2.0系统,4488,4488,6.9,6.9,6.7,7.1,6.5,7.4
荣耀Magic3（8GB/128GB/全网通/5G版）高通骁龙888处理器，6.76英寸超曲屏，多主摄计算摄影，66W超级快充,4599,4369,8.6,7.7,9.0,8.4,8.7,9.0
苹果iPhone 13 Pro（128GB/全网通/5G版）A15仿生芯片，超视网膜XDR显示屏，Pro级摄像头系统，ProMotion自适应刷新率技术,7999,7999, ,5,7.4,7.4,6.6,7.4
华为nova 9（8GB/128GB/全网通）骁龙778G处理器，HarmonyOS 2操作系统，3200万前置Vlog镜头，66W超级快充,2699,2699,6.8,8,4.8,6.4,6.4,8
小米11 Ultra（12GB/512GB/全网通/5G版）高通骁龙888，现代陶瓷工艺，新型相变散热材料，纳米硅负极电池,6499,6499,6.7,5.9,7.5,6,6,7.1
vivo S10 Pro（12GB/256GB/全网通/5G版）联发科天玑1100处理器，前置4400万自然柔光人像，4G内存融合技术，44w闪充,3399,2899,6.5,8.0,9.6,7.1,9.9,9.9
iQOO Neo5（8GB/256GB/全网通/5G版）高通骁龙870+独立显示芯片，66W闪充，全覆盖液冷散热系统,2399,2699,8.9,9.3,9.6,8.1,9.1,8.1
vivo X60（8GB/128GB/全网通/5G版）蔡司光学镜头，微云台黑光夜视2.0，三星5nm旗舰芯片，双模5G,2999,2999,8.8,8.4,9.0,8.0,8.5,8.5
OPPO Find X3（8GB/128GB/全网通/5G版）10亿色双主摄，10亿色臻彩屏，全链路10bit色彩引擎，未来流线设计，65W超级闪充,3999,3999,8.4,9.1,9.5,9.1,9.2,9.3
华为Mate X2（8GB/256GB/全网通/5G版）麒麟9000旗舰芯片，无缝鹰翼折叠，超感知徕卡四摄,17999,17799,9.2,8.4,9.3,8.3,8.9,8.8
华为nova 9 Pro（8GB/128GB/全网通）骁龙778G处理器，HarmonyOS 2操作系统，双3200万前置Vlog镜头，100W超级快充,3499,3499,8.7,8.0,8.0,9.2,8.5,8.3
OPPO Find X3 Pro 摄影师版（16GB/512GB/全网通/5G版）骁龙888，10亿色双主摄，10亿色臻彩屏，全链路10bit色彩引擎，未来流线设计，65W超级闪充,6499,6499,8.6,8.1,9.5,9.4,9.9,9.8
苹果iPhone 13（256GB/全网通/5G版）解锁超能力，超先进双摄系统，A15仿生芯片,6799,6799,9.2,6.2,6.5,6.2,6.5,7.2
华为Mate40（8GB/128GB/全网通/5G版/玻璃版）90Hz刷新率，240Hz触控采样率，68°曲面屏，麒麟9000E,4999,4169,6.5,7.8,8.9,7.3,9.2,8.8
苹果iPhone 12（4GB/64GB/全网通/5G版）A14仿生芯片，超视网膜XDR显示屏，超瓷晶面板，双模5G,5199,4899, ,8.7,9.7,8.1,8.9,8.9
荣耀X20（8GB/128GB/全网通/5G版）联发科天玑900处理器，6400万超清影像，66W超级快充，120Hz高刷屏,1999,1999,8.5,9.1,8.5,8.4,9.1,8.3
OPPO K9 Pro（8GB/128GB/全网通/5G版）天玑1200处理器，120Hz流体电竞屏，60W超级闪充，金刚石固液双态散热系统,1999,1969,8.7,9.3,9.0,9.4,8.6,9.4
小米10S（8GB/128GB/全网通/5G版）骁龙870，哈曼卡顿双扬声器，三重快充，1亿像素,2799,2699,8.5,6.9,6.7,6.1,6.9,6.5
苹果iPhone 13 Pro Max（256GB/全网通/5G版）A15仿生芯片，超视网膜XDR显示屏，Pro级摄像头系统，ProMotion自适应刷新率技术,9799,9799,8.9,7.3,9.8,8.9,8.2,9.1
OPPO K9（8GB/128GB/全网通/5G版）骁龙768G，90Hz OLED电竞屏，AI三摄，65W超级闪充,1749,1799,6.6,8.6,7.5,9.3,8.7,9.1
三星Galaxy S21 Ultra（12GB/256GB/全网通/5G版）骁龙888，1.08亿像素，120Hz护目屏，支持Spen,9599,8199,8.7,8.8,9.2,8.0,8.7,8.6
vivo S10（8GB/256GB/全网通/5G版）联发科天玑1100处理器，前置4400万自然柔光人像，4G内存融合技术，44w闪充,2949,2699,8.7,8.1,9.6,7.1,9.9,9.1
小米11青春版（8GB/128GB/全网通/5G版）高通骁龙780G，前置超级夜景，AMOLED柔性直屏，超线性立体声双扬声器,1999,1999,8.6,7.4,6.6,6.2,7.4,6.6
苹果iPhone 11（4GB/64GB/全网通）A13处理器，GPU抗锯齿效果，夜间模式,3899,3599,8.8,5.5,9.8,6.0,6.4,6.6
vivo X70（8GB/256GB/全网通/5G版）联发科天玑1200vivo定制处理器，4000万像素微云台主摄，蔡司专业影像，萤石AG工艺,3999, ,6.8, , , , , 
苹果iPhone SE 2（3GB/64GB/全网通）小屏手机，A13仿生芯片，触控ID,3099,3299,7.9,9.2,9.5,6.6,9.0,7.7
vivo X70 Pro+（8GB/256GB/全网通/5G版）高通骁龙888Plus处理器，120Hz三星E5 LTPO屏，专业影像芯片 V1，微云台双主摄,5499,5499,8.9,8.7,10.0,8.6,8.8,9.2
iQOO 8 Pro（12GB/256GB/全网通/5G版）高通骁龙888 Plus处理器，50W无线闪充，2K E5屏，超声波3D广域指纹，微云台双主摄影像系统,5499,5199,9.1,9.1,9.7,9.0,9.9,9.4
OPPO K9s（8GB/128GB/全网通/5G版）高通骁龙778G处理器，120Hz电竞屏，X轴线性马达,1899,1799,8.9,9.2,9.0,9.3,8.4,8.8
苹果iPhone 12 Pro（6GB/128GB/全网通/5G版）5G加身，A14仿生速度超快，Pro级摄像头系统,6899, ,8.3, , , , , 
华为Mate50（全网通/5G版）,概念产品, ,7.8, , , , , 
vivo X70 Pro（12GB/256GB/全网通/5G版）三星Exynos1080处理器，5000万像素微云台主摄，专业影像芯片 V1，全新萤石AG工艺,4799,4799,6.7,5.3,6.4,6.9,8,6.9
华为Mate50 Pro（全网通/5G版）屏下摄像头，10倍光学变焦,概念产品, ,8.0, , , , , 
OPPO Reno5（12GB/256GB/全网通/5G版）AI焕采视频美颜，星钻工艺，6400万水光人像四摄,2699,2499,9.0,8.6,7.5,9.3,9.1,9.4
华为P50（8GB/256GB/全网通）高通骁龙888处理器，90Hz OLED显示屏，IP68防尘防水，鸿蒙2.0系统,4988,4988,6.9,6.9,6.7,7.1,6.5,7.4
OPPO Reno6 Pro+（12GB/256GB/全网通/5G版）高通骁龙870，5000万像素四摄，65w超级快充，90Hz OLED显示屏,4199,4199,9.1,9.1,9.0,9.4,9.2,9.3
华为nova 8 SE（8GB/128GB/全网通/5G版/标配版）66W超级快充，6400万像素超清四摄，四重护眼,3199,2999,8.5,8.5,8.5,8.9,8.6,8.4
Moto Edge S Pro（8GB/128GB/全网通/5G版）高通骁龙870处理器，1亿像素主摄，50X潜望式变焦，10亿144Hz OLED臻彩屏，Ready For多屏畅连,2699,1969,6.6,7.2,7.2,5.6,5.6,7.2
小米11 Pro（8GB/256GB/全网通/5G版）高通骁龙888，顶级3D玻璃工艺，新型相变散热材料，纳米硅负极电池,4299,4299,6.7,6.4,7.5,5.7,6.8,6.9
OPPO Reno6 Pro（12GB/256GB/全网通/5G版）联发科天玑1200处理器，6400万像素四摄，90Hz曲面屏，，65w超级快充,3399,3499,9.2,8.9,9.5,9.2,9.7,9.5
苹果iPhone 13 mini（128GB/全网通/5G版）解锁超能力，超先进双摄系统，A15仿生芯片,5199, ,6.8, , , , , 
华为nova 8 Pro（8GB/128GB/全网通/5G版）麒麟985，通信5G四网协同，Wi-Fi 6+，6400万魅力四摄，66W超级快充，120Hz刷新率,3999,3599,9.0,9.1,9.0,9.4,8.9,8.5
苹果iPhone XR（全网通）全面屏，快速充电，双卡双待，超视网膜高清显示屏,3599,3578,8.7,8.4,9.2,8.1,7.9,8.4
一加9RT（8GB/128GB/全网通/5G版）高通骁龙888，ColorOS 12，65T超级闪充，电竞三WiFi天线系统,3299,3199,9.3,9.4,9.0,9.6,9.8,9.6
华为P40（6GB/128GB/全网通/5G版）徕卡三摄，麒麟990 5G，WiFi 6,4188,5088,8.6,8.5,9.0,8.3,8.7,9.1
荣耀X30 Max（8GB/128GB/全网通/5G版）联发科天玑900处理器，7.09英寸护眼阳光屏，5000mAh大电池，立体声双扬声器,2399,2369,5.5,5.3,4.9,7.2,5.6,4.6
华为Mate30（8GB/128GB/全网通/5G版/玻璃版）IP53防水防尘，磁悬浮发声技术，4000万超感光徕卡影像，OLED全面屏,4499,4899,8.5,8.4,9.5,8.9,9.2,9.1
华为nova 7（8GB/128GB/5G版/全网通）OLED极点全面屏，全网通5G，麒麟985,2999,2969,8.3,8.2,9.5,9.5,8.5,7.0
苹果iPhone 12 Pro Max（6GB/128GB/全网通/5G版）超瓷晶面板，5G网络，Pro级摄像头系统，LiDAR激光雷达,7599,7699,8.3,8.2,9.7,7.3,8.1,8.8
酷派COOL 20 Pro（6GB/128GB/全网通/5G版）天玑900 5G SoC高性能游戏芯，5000万像素AI三摄，120Hz高刷屏,1799,1599,9.0,8.7,9.0,8.3,8.6,9.7
华为P60 Pro（全网通/5G版）,概念产品, , , , , , , 
华为P40 Pro（8GB/128GB/全网通/5G版）徕卡四摄，麒麟990 5G，40W快充,5988,6588,8.7,8.9,9.0,7.5,9.8,9.8
苹果iPhone XS Max（全网通）超视网膜显示屏，双卡双待，后置双摄，苹果 A12处理器,5999, ,8.6, , , , , 
苹果iPhone 12（4GB/128GB/全网通/5G版）A14仿生芯片，超视网膜XDR显示屏，超瓷晶面板，双模5G,5599,5199,8.7,8.7,9.7,8.1,8.9,8.9
三星Galaxy S21（8GB/256GB/全网通/5G版）骁龙888，超高清专业摄像，120Hz护目屏,4999,4699,8.5,8.5,9.1,8.4,8.3,7.8
苹果iPhone 13 Pro Max（512GB/全网通/5G版）A15仿生芯片，超视网膜XDR显示屏，Pro级摄像头系统，ProMotion自适应刷新率技术,11399,11399,8.7,7.3,9.8,8.9,8.2,9.1
苹果iPhone 13 Pro（1TB/全网通/5G版）A15仿生芯片，超视网膜XDR显示屏，Pro级摄像头系统，ProMotion自适应刷新率技术,11999,11999,6.8,5,7.4,7.4,6.6,7.4
苹果iPhone 13 Pro Max（1TB/全网通/5G版）A15仿生芯片，超视网膜XDR显示屏，Pro级摄像头系统，ProMotion自适应刷新率技术,12999,12999,8.7,7.3,9.8,8.9,8.2,9.1
苹果iPhone SE 3,概念产品, ,6.2, , , , , 
三星Galaxy Note 20 Ultra（12GB/256GB/全网通/5G版）S Pen，三星笔记，120Hz自适应屏幕，专业视频拍摄,7599,5899,8.6,8.1,9.2,7.8,8.9,8.4
荣耀X30i（8GB/128GB/全网通/5G版）联发科天玑810处理器，4800万超清三摄，7.45mm厚度，22.5w快充,1699, , , , , , , 
realme GT（12GB/256GB/全网通/5G版）高通骁龙888，65w智慧闪充，120Hz电竞屏，3D钢化液冷散热,2949,2699,8.6,9.3,9.2,8.3,7.9,7.7
荣耀50 Pro（8GB/256GB/全网通/5G版）高通骁龙778G处理器，亿级像素高清影像，100W超级闪充，120Hz高刷超曲屏,3699,3269,8.7,7.7,9.0,9.0,8.9,8.3
iQOO 8（12GB/256GB/全网通/5G版）,4199,3899,8.9,9.2,9.1,8.8,8.9,8.8
Hi nova 9（8GB/128GB/全网通/5G版）前置3200万超清人像镜头，120Hz原色超曲屏，后置5000万超感光主摄，66W超级快充,2999,2999,7.0,6.4,8.5,8.0,6.4,8.0
荣耀50 SE（8GB/128GB/全网通/5G版）天玑900处理器，亿级像素高清影像，66W超级闪充，120Hz高刷屏,2399,2099,8.5,8.8,8.8,8.9,8.9,8.8
Redmi K40（6GB/128GB/全网通/5G版）高通骁龙870，4800万像素三摄，7.8mm轻薄设计，4520mAh大电量,1999,1999,6.6,7.2,7.3,6.5,6.6,5.4
iQOO Neo5 活力版（8GB/256GB/全网通/5G版）高通骁龙870移动平台，144Hz竞速屏，环绕式立体双扬，KPL比赛用机测试认证,2499,2099,8.6,9.1,9.0,8.5,8.2,8.3
realme Q3s（8GB/128GB/全网通/5G版）高通骁龙778G处理器，144Hz可变帧电竞屏，4800万像素流光人像三摄,1599, ,6.4, , , , , 
realme GT Neo2T（8GB/256GB/全网通/5G版）联发科天玑1200-AI版处理器，6400万像素广角三摄，120Hz 电竞屏，65w智慧闪充,2099,2299,9.4,8.8,9.0,9.3,9.1,8.9
Redmi Note 9 Pro（6GB/128GB/全网通/5G版）一亿像素，骁龙750G，33W快充，120Hz刷新率,1599,1399,8.1,8.8,8.4,7.4,6.4,7.9
荣耀50（8GB/128GB/全网通/5G版）高通骁龙778G处理器，亿级像素高清影像，66W超级闪充，120Hz高刷超曲屏,2699,2399,8.4,8.6,9.0,8.7,9.9,7.8
荣耀Magic3 Pro（8GB/256GB/全网通/5G版）高通骁龙888Plus处理器，6.76英寸超曲屏，多主摄计算摄影，有线无线双超级快充,5999,5999,8.8,8.5,9.5,8.7,9.1,9.1
一加9R（8GB/128GB/全网通/5G版）高通骁龙870，五指240Hz触控，4D立体游戏振感，智能散热系统,2799,2699,8.2,9.1,9.0,7.7,9.0,8.2
荣耀X10（6GB/128GB/全网通/5G版）5G双模，麒麟820，4300mAh续航，4000万高感光影像,2299,2199,8.8,8.9,8.5,8.4,8.6,8.8
realme GT 大师探索版（12GB/256GB/全网通/5G版）高通骁龙870移动平台，120Hz三星曲面屏，+7GB运出拓展，索尼定制IMX766传感器,3199,3199,8.8,9.3,9.6,8.5,9.6,9.1
索尼Xperia PRO-I（12GB/512GB/全网通/5G版）高通骁龙888，1英寸影像传感器，索尼专业相机技术，光学防抖功能,10999,10999,8.9,8.0,9.0,8.2,8.5,9.9
三星Galaxy S21+（8GB/256GB/全网通/5G版）骁龙888，超高清专业摄像，120Hz护目屏,5769,5939,7.8,8.6,9.1,8.8,8.7,8.7
小米MIX 4（8GB/128GB/全网通/5G版）高通骁龙888Plus处理器，CUP全面屏，轻量化一体精密陶瓷，120瓦双档快充，UWB一指连,4999,4199,8.1,6.5,8.5,8.3,8.5,7.5
OPPO Find X3 Pro（12GB/256GB/全网通/5G版）骁龙888，10亿色双主摄，10亿色臻彩屏，全链路10bit色彩引擎，未来流线设计，65W超级闪充,5499,5199,9.1,9.1,9.6,9.1,9.2,9.5
苹果iPhone 14,概念产品, , , , , , , 
Redmi Note 10 Pro（8GB/128GB/全网通/5G版）联发科天玑1100处理器，VC液冷散热，120Hz变速高刷屏，67w闪充，JBL立体声双扬声器,1799,1669,7.1,7.3,7.3,7.7,6.7,6.4
魅族18（8GB/128GB/全网通/5G版）新一代超声波指纹解锁，高通骁龙888，6400W超级防抖全场景影像系统，Flyme 9安全纯净系统,3999,3999,8.5,7.9,9.5,7.9,9.5,8.5
荣耀畅玩20（6GB/128GB/全网通）5000mAh大电池，128GB大容量存储，6.5英寸高清护眼屏,1099, ,6.9, , , , , 
OPPO A93（8GB/256GB/全网通/5G版）90Hz刷新率，5000mAh大电池，后置4800W四摄,1799,1999,8.8,8.5,8.5,9.4,9.2,8.5
三星Galaxy Z Fold3（12GB/512GB/全网通/5G版）,14999,14999,6.8,6.3,7.1,7.1,6.3,7.1
小米11 Ultra（12GB/256GB/全网通/5G版）高通骁龙888，现代陶瓷工艺，新型相变散热材料，纳米硅负极电池,5999,5999,6.5,5.9,7.5,6,6,7.1
苹果iPhone 13 mini（256GB/全网通/5G版）A15仿生芯片，超瓷晶面板，超视网膜XDR显示屏,5999, ,6.8, , , , , 
OPPO Reno5 Pro（8GB/128GB/全网通/5G版）闪电启动，星钻光芒设计，6400万水光人像四摄,3399,3399,9.2,8.3,8.0,9.6,9.7,9.6
华为P30（8GB RAM/全网通）超感光徕卡三摄，5倍混合，双景录像,3188,4087,9.6,8.9,9.5,8.2,9.0,8.7
realme GT Neo2（8GB/256GB/全网通/5G版）高通骁龙870处理器，120Hz AMOLED E4显示屏，65W智慧闪充，5000mAh电池,2699,2699,8.6,9.5,8.9,8.3,7.5,7.5
Redmi Note 11 Pro（6GB/128GB/全网通/5G版）联发科天玑920处理器，对称式超线性双扬声器，1亿像素后置三摄，VC液冷散热,1599, ,5.8, , , , , 
华为nova 8（8GB/128GB/全网通/5G版）66W超级快充，麒麟985，6400万魅力四摄，7.64mm纤薄机身，3D石墨烯散热,3299,3299,6.7,6.7,6.7,6.7,7,6.4
荣耀60（8GB/256GB/全网通/5G版）骁龙778G 5G处理器，1亿像素超清影像，AI手势识别，66W智慧超级闪充,2999,2999,8.4,0.0,8.2,0.0,0.0,0.0
荣耀X30,概念产品, , , , , , , 
Moto edge s（8GB/128GB/全网通/5G版）骁龙870，5000mAh电池，AI前后六摄，2.8cm超微距，LPDDR5,2399,1599,8.4,8.9,9.0,9.2,7.4,7.2
vivo X60 Pro+（8GB/128GB/全网通/5G版）微云台双主摄，骁龙888，蔡司联合影像系统,4199,3699,9.0,9.0,9.5,8.9,9.0,9.3
Redmi K40（8GB/256GB/全网通/5G版）高通骁龙870，4800万像素三摄，7.8mm轻薄设计，4520mAh大电量,2499,2049,6.6,7.2,7.3,6.5,6.6,5.4
华为Mate30 Pro（8GB/256GB/全网通/5G版/玻璃版）双4000万徕卡电影四摄，超曲面OLED环幕屏,6399,6899,8.5,8.2,9.0,8.0,7.7,8.8
苹果iPhone XS（全网通）超视网膜显示屏，后置双摄，苹果 A12处理器,4909,9098,8.3,7.5,9.5,7.2,8.2,8.2
华为nova 7 Pro（8GB/128GB/5G版/全网通）前置3200万追焦双摄 ，50倍潜望式变焦四摄，麒麟985,3699,3549,8.8,8.4,9.5,8.3,8.9,8.9
vivo T1（8GB/256GB/全网通/5G版）高通骁龙778G处理器，120Hz高刷原色屏，环绕立体声双扬,2199, , , , , , , 
苹果iPhone 13（512GB/全网通/5G版）解锁超能力，超先进双摄系统，A15仿生芯片,8399,8399,6.5,6.2,6.5,6.2,6.5,7.2
荣耀30 Pro（8GB/128GB/全网通/5G版）50倍超稳远摄，双模5G，麒麟990，4000万超感光摄影,3999,3999,8.7,8.8,9.6,8.4,9.0,8.0
华为nova 9（8GB/256GB/全网通）骁龙778G处理器，HarmonyOS 2操作系统，3200万前置Vlog镜头，66W超级快充,2999,2999,6.7,8,4.8,6.4,6.4,8
苹果iPhone 11 Pro Max（4GB/64GB/全网通）HDR10，后置三摄，神经网络引擎，独立取景器,6329,6329,8.0,5.1,9.8,6.5,6.3,6.7
荣耀X20 SE（8GB/128GB/全网通/5G版）联发科天玑700处理器，6400万高清AI三摄，6.6英寸超窄边全视屏，22.5w超级快充长续航,1789,1799,8.8,8.9,9.0,8.4,9.4,9.0
华为P60（全网通/5G版）,概念产品, ,8.0, , , , , 
荣耀V40（8GB/128GB/全网通/5G版）120Hz刷新率，立体声双扬声器，66W超级闪充，线性马达,3599,3599,8.4,8.0,8.0,7.8,9.1,8.7
三星Galaxy S21（8GB/128GB/全网通/5G版）骁龙888，超高清专业摄像，120Hz护目屏,4099,3599,8.5,8.5,9.1,8.4,8.3,7.8
OPPO A55（6GB/128GB/全网通/5G版）5000mAh电池，后置AI三摄，天玑700，亿级像素超清画质,1499,1599,8.7,8.3,8.5,9.4,9.0,8.5
Moto Edge S30（6GB/128GB/全网通/5G版）骁龙888 Plus处理器，一亿像素大底主摄，144Hz智能高刷电竞屏，5000mAh大电池,1799, ,8.7, , , , , 
华为P50 Pro（12GB/512GB/全网通/麒麟9000/典藏版）万象双环设计，120Hz OLED显示屏，IP68防尘防水，鸿蒙2.0系统,8488,8488,8.6,7.6,9.0,9.0,9.0,9.2
realme GT Neo2T（8GB/128GB/全网通/5G版）联发科天玑1200-AI版处理器，6400万像素广角三摄，120Hz 电竞屏，65w智慧闪充,1799,2099,9.4,8.8,9.0,9.3,9.1,8.9
vivo X60 Pro（12GB/256GB/全网通/5G版）蔡司光学镜头，超稳微云台四摄，三星5nm旗舰芯片，双模5G,4198,4199,8.9,8.6,8.9,8.8,9.3,9.1
vivo Y76s（8GB/128GB/全网通/5G版）联发科天玑810处理器，44w有线充电，后置5000万像素双摄,1799,1799,8.5,8.2,8.5,9.0,8.8,8.0
一加9（8GB/128GB/全网通/5G版）高通骁龙888，哈苏手机影像系统，自由曲面镜头,3599,2999,8.4,6.4,9.5,6.4,6.4,6.4
OPPO A93s（8GB/256GB/全网通/5G版）联发科天玑700处理器，18W双芯快充，90Hz高刷屏，全面屏,1999,1799,8.8,8.7,9.0,9.2,8.9,8.9
OPPO K9s（6GB/128GB/全网通/5G版）高通骁龙778G处理器，120Hz电竞屏，X轴线性马达,1699,1599,8.9,9.2,9.0,9.3,8.4,8.8
苹果iPhone 12 Pro（6GB/256GB/全网通/5G版）5G加身，超视网膜XDR显示屏，A14仿生速度超快,7499, ,8.3, , , , , 
华为Mate40 Pro（8GB/128GB/全网通/4G版/玻璃版）麒麟9000，88°超曲环幕屏，66W快充，50W无线快充，IP68级防水防尘，3D人脸识别,6099,6099,8.7,8.8,9.0,8.8,8.9,9.2
Redmi K40 Pro（8GB/256GB/全网通/5G版）高通骁龙888，6400万像素三摄，7.8mm轻薄设计，4520mAh大电量,3299,3299,8.2,9.1,9.2,8.5,8.2,7.2
Redmi K40 游戏增强版（8GB/128GB/全网通/5G版）联发科天玑1200，弹出式肩键，JBL立体声双扬，独立游戏天线组，航天立体散热,2199,1999,8.7,9.2,9.0,9.7,9.2,7.4
荣耀50（12GB/256GB/全网通/5G版）高通骁龙778G处理器，亿级像素高清影像，66W超级闪充，120Hz高刷超曲屏,3399,3169,8.4,8.6,9.0,8.7,9.9,7.8
华为畅享20 Pro（6GB/128GB/全网通/5G版）全网通 5G SoC芯片，4800万高感光夜拍，90Hz畅滑屏，22.5W华为超级快充，4000mAh大电池,1999,1999,8.6,8.9,8.8,8.9,8.6,8.5
vivo S9（8GB/128GB/全网通/5G版）约7.35mm纤薄机身，全球首发天玑1100，双极夜柔光灯,2599, ,8.7, , , , , 
苹果iPhone 11 Pro（4GB/64GB/全网通）HDR10，后置三摄，神经网络引擎，独立取景器,5999,6899,8.6,6.7,9.2,6.5,7.0,9.0
苹果iPhone 12 mini（4GB/64GB/全网通/5G版）超瓷晶面板，A14仿生，超视网膜XDR，超快的双模5G,4499,4199,8.5,8.7,9.7,6.6,7.2,6.5
荣耀Magic3 至臻版（12GB/512GB/全网通/5G版）高通骁龙888Plus，多主摄计算摄影，6.76英寸超曲屏，纳米微晶面板,7999,7999,8.8,8.1,9.4,8.8,9.4,9.0
Redmi 9A（4GB/64GB/全网通） 1300万AI相机，5000mAh大电量，人脸解锁,628,589,6.8,7.2,7.2,7.2,6.2,6.2
一加8T（8GB/128GB/全网通/5G版）65W超级闪充，120Hz刷新率，8192级自动调节,3499,2699,8.5,9.0,9.0,8.6,9.1,8.3
Redmi Note 11 Pro（8GB/256GB/全网通/5G版）联发科天玑920处理器，对称式超线性双扬声器，1亿像素后置三摄，VC液冷散热,2099, ,5.8, , , , , 
中兴AXON 30 Ultra 航天版（18GB/1TB/全网通/5G版）6400万高能三主摄，144HZ曲面屏，骁龙888,6998, , , , , , , 
华为nova 6 5G（8GB/128GB/全网通）麒麟990芯片，105°前置广角双摄，超感光暗拍，DXOMARK MOBILE,2999,3199,8.7,8.6,9.1,8.2,8.3,6.9
华为Mate40E（8GB/128GB/全网通/5G版）麒麟990E，68°曲面屏，超感知徕卡影像,4599,4599,6.7,6.8,6.8,6.8,6.8,6.3
小米10（8GB/128GB/全网通）骁龙865处理器，一亿像素，8K电影相机，对称式立体声,2748,3999,8.2,9.2,9.0,8.1,7.3,8.2
黑鲨4S Pro（12GB/256GB/全网通/5G版）高通骁龙888Plus，120W超级闪充，144Hz刷新率，双区屏幕压感,4799, ,8.9, , , , , 
Redmi Note 11 Pro+（8GB/128GB/全网通/5G版）联发科天玑920处理器，对称式超线性双扬声器，1亿像素后置三摄，VC液冷散热,2099, ,6.4, , , , , 
华为Mate40 Pro（8GB/128GB/全网通/5G版/玻璃版）麒麟9000，88°超曲环幕屏，66W快充，50W无线快充，IP68级防水防尘，3D人脸识别,6499,6698,8.7,8.8,9.0,8.8,8.9,9.2
OPPO Reno7 Pro（12GB/256GB/全网通/5G版）天玑1200 MAX处理器，超感光猫眼镜头，航天级星雨光刻工艺，65W超级闪充,3999,3999,8.8,9.1,9.0,9.0,9.2,9.3
荣耀60（12GB/256GB/全网通/5G版）骁龙778G 5G处理器，1亿像素超清影像，AI手势识别，66W智慧超级闪充,3299,3299,8.4,0.0,8.2,0.0,0.0,0.0
Redmi K50（全网通/5G版）,概念产品, , , , , , , 
OPPO Reno5 Pro+（8GB/128GB/全网通/5G版）90Hz高感曲面屏，骁龙865，65W超级闪充，IMX766传感器,3999,3999,9.3,9.1,9.6,9.2,9.7,9.2
荣耀30（6GB/128GB/全网通/5G版）麒麟 985，40W快充，50倍超稳远摄,3388,3099,8.4,7.8,8.8,8.4,8.3,7.7
OPPO K7x（6GB/128GB/全网通/5G版）5000mAh长续航，90Hz电竞屏，4800万四摄，30W闪充,1499,1299,9.0,9.1,8.0,9.6,8.8,9.3
vivo Y52s（8GB/128GB/全网通/5G版）后置4800万双摄，5000mAh电池，90Hz高刷,1798, ,6.8, , , , , 
苹果iPhone 13 Pro（512GB/全网通/5G版）A15仿生芯片，超视网膜XDR显示屏，Pro级摄像头系统，ProMotion自适应刷新率技术,10399,10399,6.8,5,7.4,7.4,6.6,7.4
小米Civi（8GB/256GB/全网通/5G版）高通骁龙778G处理器，120Hz曲面原色屏，4500mAh大容量电池，立体声双扬声器,2899, ,6.9, , , , , 
小米11（8GB/256GB/全网通/5G版）骁龙888，WiFi6增强版，LPDDR5满血版，一亿像素，2K AMOLED柔性屏，心率检测,3499,3699,8.4,8.8,9.2,7.8,8.5,7.7
华为P50 Pro（8GB/256GB/全网通/骁龙888）万象双环设计，120Hz OLED显示屏，IP68防尘防水，鸿蒙2.0系统,6488, ,8.6, , , , , 
OPPO Reno7 Pro 英雄联盟手游限定版（12GB/256GB/全网通/5G版）天玑1200 MAX处理器，超感光猫眼镜头，航天级星雨光刻工艺，65W超级闪充,3999, ,8.8, , , , , 
小米11 Pro（12GB/256GB/全网通/5G版）高通骁龙888，顶级3D玻璃工艺，新型相变散热材料，纳米硅负极电池,4699,4699,6.7,6.4,7.5,5.7,6.8,6.9
Redmi Note 9（6GB/128GB/全网通/5G版）天玑800U，18W快充，4800万超清三摄,1299,1049,8.5,8.6,8.5,8.7,8.5,8.5
OPPO Find X3（8GB/256GB/全网通/5G版）10亿色双主摄，10亿色臻彩屏，全链路10bit色彩引擎，未来流线设计，65W超级闪充,4499,4499,9.2,9.1,9.5,9.1,9.2,9.3
华为nova 8 SE 活力版（8GB/128GB/全网通）40W华为超级快充，606英寸无界全面屏，4800万高感光三摄,1899, ,6.6, , , , , 
realme Q3 Pro（8GB/128GB/全网通/5G版）天玑1100旗舰芯，120Hz三星AMOLED屏，30W智慧快充，全息潮玩设计,1799,1799,8.1,6.4,7.0,6.4,7.2,2.4
三星Galaxy S22（全网通/5G版）,概念产品, ,7.7, , , , , 
OPPO Reno6（8GB/128GB/全网通/5G版）6400万像素水光镜头，65w超级快充，90Hz高感屏，36个月流畅护航,2799,2499,9.1,8.9,8.8,9.4,9.7,9.5
三星Galaxy Z Flip3（8GB/256GB/全网通/5G版）,7999,7999,8.6,8.0,9.3,7.5,9.7,9.0
华为P40（8GB/128GB/全网通/4G版）麒麟990，徕卡三摄，30倍数字变焦,3988,3988,6.8,6.2,7.8,4.6,7.8,7.8
华为Mate X2（8GB/256GB/全网通/4G版）麒麟9000旗舰芯片，无缝鹰翼折叠，超感知徕卡四摄,17499,17499,8.7,8.4,9.3,8.3,8.9,8.8
华为P50 Pro（12GB/512GB/全网通/麒麟9000）万象双环设计，120Hz OLED显示屏，IP68防尘防水，鸿蒙2.0系统,7988,7988,8.6,7.6,9.0,9.0,9.0,9.2
三星Galaxy S22 Ultra（全网通/5G版）,概念产品, ,6.7, , , , , 
vivo Y30（8GB/128GB/全网通）18W双引擎闪充，AI智慧三摄，5000mAh大电池,1498, ,8.0, , , , , 
华为畅享20（4GB/128GB/全网通/5G版）6.6英寸影音大屏，5000mAh大电池，AI三摄闪拍,1699,1699,8.5,8.4,8.5,8.2,8.1,8.1
荣耀Play5T（8GB/128GB/全网通）虎贲T610处理器，5000毫安大容量电池，22.5w超级闪充,1199,1089,6.6,4.4,4.4,9.2,9.2,6
苹果iPhone 12（4GB/256GB/全网通/5G版）A14仿生芯片，超视网膜XDR显示屏，超瓷晶面板，双模5G,6399,5999,8.7,8.7,9.7,8.1,8.9,8.9
小米MIX FOLD（12GB/256GB/全网通/5G版）8.01英寸折叠大屏，澎湃C1自研专业影像芯片，液态镜头，1亿像素,9999, ,6.7, , , , , 
华为nova 7 SE（8GB/128GB/5G版/全网通）麒麟820，6400万高清AI四摄，40W超级快充,3199,2399,8.7,8.9,9.3,8.3,8.6,8.0
OPPO A95（8GB/128GB/全网通/5G版）天玑800U芯片，30W快充，1600万前置，AMOLED护眼大屏,1999,1798,8.8,8.8,8.6,9.1,8.6,8.7
小米11（12GB/256GB/全网通/5G版）骁龙888，WiFi6增强版，LPDDR5满血版，一亿像素，2K AMOLED柔性屏，心率检测,3899,4099,8.4,8.8,9.2,7.8,8.5,7.7
vivo Y53s（8GB/128GB/全网通/5G版）高通骁龙480处理器，5000mAh大电池，6400万超清主摄， 90Hz高刷屏，双模5G全网通,1699, ,6.6, , , , , 
小米12 Pro（全网通/5G版）,概念产品, , , , , , , 
苹果iPhone 14 Pro,概念产品, ,6.4, , , , , 
Redmi Note 10 Pro（6GB/128GB/全网通/5G版）联发科天玑1100处理器，VC液冷散热，120Hz变速高刷屏，67w闪充，JBL立体声双扬声器,1599,1499,7.1,7.3,7.3,7.7,6.7,6.4
OPPO A53（4GB/128GB/全网通/5G版）AI智能三摄，双模5G，天玑720,1299, ,8.6, , , , , 
Redmi K40（8GB/128GB/全网通/5G版）高通骁龙870，4800万像素三摄，7.8mm轻薄设计，4520mAh大电量,2199,1949,6.6,7.2,7.3,6.5,6.6,5.4
小米MIX 4（8GB/256GB/全网通/5G版）高通骁龙888Plus处理器，CUP全面屏，轻量化一体精密陶瓷，120瓦双档快充，UWB一指连,5299,4499,8.1,6.5,8.5,8.3,8.5,7.5
荣耀60 Pro（12GB/256GB/全网通/5G版）骁龙778G 5G处理器，1亿像素超清影像，AI手势识别，66W智慧超级闪充,3999,3999,8.3,7.4,8.2,8.3,8.3,9.7
vivo X70 Pro+（12GB/512GB/全网通/5G版/尊享版）高通骁龙888Plus处理器，120Hz三星E5 LTPO屏，专业影像芯片 V1，微云台双主摄,6999,6999,8.9,8.7,10.0,8.6,8.8,9.2
华为P50 Pro（8GB/128GB/全网通/麒麟9000）万象双环设计，120Hz OLED显示屏，IP68防尘防水，鸿蒙2.0系统,5988, ,8.6, , , , , 
iQOO Z3（6GB/128GB/全网通/5G版）120Hz高刷屏，6400万三摄，双模5G全网通,1599,1599,8.6,9.1,9.5,8.3,8.9,8.7
小米11 Ultra（8GB/256GB/全网通/5G版）高通骁龙888，现代陶瓷工艺，新型相变散热材料，纳米硅负极电池,5499,5499,6.5,5.9,7.5,6,6,7.1
vivo Y76s（8GB/256GB/全网通/5G版）联发科天玑810处理器，44w有线充电，后置5000万像素双摄,1999,1999,8.5,8.2,8.5,9.0,8.8,8.0
三星Galaxy Note 20（8GB/256GB/全网通/5G版）骁龙865+，S Pen，专业视频拍摄,4499,4299,8.4,8.5,9.2,7.6,8.9,9.1
Redmi Note 10（8GB/128GB/全网通/5G版）联发科天玑700处理器，4800万后置三摄，90Hz变速高刷屏，5000mAh大电量,1399, ,6.9, , , , , 
一加9 Pro（8GB/128GB/全网通/5G版）骁龙888，50W无线快充，哈苏专业模式，超广角拍照,4999,3999,8.6,8.5,9.5,6.7,9.0,8.1
Redmi K40 游戏增强版（6GB/128GB/全网通/5G版）联发科天玑1200，弹出式肩键，JBL立体声双扬，独立游戏天线组，航天立体散热,1999,1899,8.7,9.2,9.0,9.7,9.2,7.4
realme GT（8GB/128GB/全网通/5G版）高通骁龙888，65w智慧闪充，120Hz电竞屏，3D钢化液冷散热,2799,2299,8.6,9.3,9.2,8.3,7.9,7.7
vivo X50 Pro（8GB/128GB/全网通/5G版）微云台超感光主摄，超感光夜摄，超稳运动拍摄，90Hz高刷新率，轻薄曲面屏,3088,3088,9.4,9.2,8.8,9.5,9.6,9.8
OPPO A56（6GB/128GB/全网通/5G版）5000mAh电池，后置双摄，天玑700，36个月流畅护航,1599,1599,8.2,7.4,6.1,8.7,8.7,8.8
iQOO 8 Pro（8GB/256GB/全网通/5G版）高通骁龙888 Plus处理器，50W无线闪充，2K E5屏，超声波3D广域指纹，微云台双主摄影像系统,4999,4699,9.1,9.1,9.7,9.0,9.9,9.4
索尼Xperia 5 III（8GB/256GB/全网通/5G版）高通骁龙888，潜望式可变长焦镜头，实时追踪对焦，HDR OLED 120Hz,6599,6599,9.0,7.9,8.9,8.2,9.7,9.8
华为Mate V（全网通）,概念产品, , , , , , , 
realme GT2 Pro（全网通/5G版）,概念产品, , , , , , , 
realme Q2（4GB/128GB/全网通/5G版）双模5G，天玑800U，120Hz畅速屏，30W闪充,1199,1198,8.3,8.4,7.5,9.4,7.3,7.9
小米MIX 5（全网通/5G版）,概念产品, , , , , , , 
小米11 Pro（8GB/128GB/全网通/5G版）高通骁龙888，顶级3D玻璃工艺，新型相变散热材料，纳米硅负极电池,3999,3999,6.7,6.4,7.5,5.7,6.8,6.9
三星Galaxy S20 FE（8GB/128GB/全网通/5G版）3倍光学变焦，AI一键多拍，高通骁龙 865,4599,2999,8.5,8.4,8.8,9.1,8.2,8.6
Redmi Note 9 Pro（8GB/128GB/全网通/5G版）一亿像素，骁龙750G，33W快充，120Hz刷新率,1799,1269,8.1,8.8,8.4,7.4,6.4,7.9
iQOO Neo5 活力版（8GB/128GB/全网通/5G版）高通骁龙870移动平台，144Hz竞速屏，环绕式立体双扬，KPL比赛用机测试认证,2299,2299,8.6,9.1,9.0,8.5,8.2,8.3
Hi nova 9 Pro（8GB/128GB/全网通/5G版）前置双3200万影像单元，120Hz原色超曲屏，后置5000万超感光主摄,3799,3799,8.5,0.0,8.5,0.0,0.0,0.0
苹果iPhone 12 Pro Max（6GB/256GB/全网通/5G版）A14仿生，激光雷达扫描仪，Pro级摄像头系统,8399,8399,8.3,8.2,9.7,7.3,8.1,8.8
iQOO Neo5（12GB/256GB/全网通/5G版）高通骁龙870+独立显示芯片，66W闪充，全覆盖液冷散热系统,2999,2999,8.8,9.3,9.6,8.1,9.1,8.1
小米MIX FOLD（12GB/512GB/全网通/5G版）8.01英寸折叠大屏，澎湃C1自研专业影像芯片，液态镜头，1亿像素,10999, ,6.7, , , , , 
OPPO Reno5 K（8GB/128GB/全网通/5G版）6400万水光人像四摄，65W超级闪充，Glow20星钻工艺,2699, ,8.8, , , , , 
华为Mate X2 典藏版（12GB/512GB/素皮款）麒麟9000旗舰芯片，无缝鹰翼折叠，超感知徕卡四摄,19699, , , , , , , 
Redmi Note 11（8GB/128GB/全网通/5G版）联发科天玑810处理器，X轴线性马达,1499, ,6.4, , , , , 
vivo S10 Pro（8GB/128GB/全网通/5G版）联发科天玑1100处理器，前置4400万自然柔光人像，4G内存融合技术，44w闪充,2999,2699,8.9,8.0,9.6,7.1,9.9,9.9
OPPO K9 Pro（12GB/256GB/全网通/5G版）天玑1200处理器，120Hz流体电竞屏，60W超级闪充，金刚石固液双态散热系统,2699,2499,8.9,9.3,9.0,9.4,8.6,9.4
魅族18X（8GB/256GB/全网通/5G版）高通骁龙870处理器，120Hz柔性屏，6400万AI超清三摄 ，4300mAh大电池,2799,2799,6.7,5.9,6.4,6.4,7.5,7.5
小米11青春版（8GB/256GB/全网通/5G版）高通骁龙780G，前置超级夜景，AMOLED柔性直屏，超线性立体声双扬声器,2299,2299,6.8,7.4,6.6,6.2,7.4,6.6
OPPO Find X3 Pro（8GB/256GB/全网通/5G版）骁龙888，10亿色双主摄，10亿色臻彩屏，全链路10bit色彩引擎，未来流线设计，65W超级闪充,4999,4999,9.1,9.1,9.6,9.1,9.2,9.5
一加9 Pro（8GB/256GB/全网通/5G版）65W+50W双闪充，哈苏专业模式，超广角拍照，骁龙888,5499,4299,8.6,8.5,9.5,6.7,9.0,8.1
iQOO Z5x（8GB/128GB/全网通/5G版）联发科天玑900处理器，5000mAh大电池，5000万超清主摄， 120Hz高刷屏,1699,1549,9.0,9.8,9.5,9.9,9.0,8.5
小米11T,即将上市, , , , , , , 
Moto edge s（6GB/128GB/全网通/5G版）骁龙870，5000mAh电池，AI前后六摄，2.8cm超微距，LPDDR5,1999,1499,8.4,8.9,9.0,9.2,7.4,7.2
苹果iPhone 11（4GB/128GB/全网通）A13处理器，GPU抗锯齿效果，夜间模式,4999,4399,8.1,5.5,9.8,6.0,6.4,6.6
三星W22（16GB/512GB/全网通/5G版）,16999, , , , , , , 
华为P50 Pro（8GB/512GB/全网通/麒麟9000）万象双环设计，120Hz OLED显示屏，IP68防尘防水，鸿蒙2.0系统,7488,7488,8.6,7.6,9.0,9.0,9.0,9.2
realme Q3（6GB/128GB/全网通/5G版）高通骁龙750G处理器，120Hz电竞屏，30w智慧闪充，5000毫安大容量电池,1299, ,6.9, , , , , 
realme GT 大师探索版（8GB/128GB/全网通/5G版）高通骁龙870移动平台，120Hz三星曲面屏，+7GB运出拓展，索尼定制IMX766传感器,2799,2599,8.8,9.3,9.6,8.5,9.6,9.1
OPPO A35（4GB/128GB/全网通）7.9mm轻薄机身，AI超清人像三摄，4230mAh大电池,1199,1199,8.6,8.8,7.3,8.9,8.9,9.0
OPPO Reno4（8GB/128GB/全网通/5G版）双模5G，超级夜景视频，视频防抖3.0，65W超级闪充，7.8mm轻薄设计，超级省电模式,2999,2599,8.9,8.9,8.0,9.1,9.1,8.9
OPPO A32（8GB/128GB/全网通）5000mAh大电池，18W快充，90Hz刷新率，89.2%屏占比,1499,1499,8.8,8.4,7.9,8.9,8.9,8.8
vivo S9e（8GB/128GB/全网通/5G版）潮流设计，3200万极夜自拍，6400万超清后置,2399,2299,6.7,6.6,6.6,6.6,7,6.6
黑鲨4S Pro（16GB/512GB/全网通/5G版）高通骁龙888Plus，120W超级闪充，144Hz刷新率，双区屏幕压感,5499,5299,8.9,8.9,9.3,8.9,8.8,8.7
iQOO Neo5（12GB/512GB/全网通/5G版）,3099,3099,8.8,9.3,9.6,8.1,9.1,8.1
realme GT Neo 闪速版（8GB/256GB/全网通/5G版）联发科天玑1200处理器，6400万索尼主摄，钢化VC液冷散热，65w智慧闪充,2099,1799,8.3,9.4,9.0,8.0,8.0,8.3
三星Galaxy S20（12GB/128GB/全网通）6400万后置主摄，LPDDR5内存，AI一键多拍,5999, ,8.6, , , , , 
Redmi K50 Pro（全网通/5G版）,概念产品, , , , , , , 
华为Mate40 RS保时捷版（12GB/512GB/全网通/5G版）麒麟9000，88°超曲环幕屏，超感知徕卡电影五摄，星星钻设计镜头，66W快充，50W无线快充,12999,14688,8.8,8.8,9.2,8.3,8.3,9.3
鼎桥N8 Pro（8GB/128GB/全网通/5G版）麒麟985，通信5G四网协同，Wi-Fi 6+，6400万魅力四摄，66W超级快充，120Hz刷新率,3999, ,8.0, , , , , 
一加9RT（8GB/256GB/全网通/5G版）高通骁龙888，ColorOS 12，65T超级闪充，电竞三WiFi天线系统,3499,3399,9.3,9.4,9.0,9.6,9.8,9.6
vivo Y31s（6GB/128GB/全网通/5G版）双模5G，5000mAh电池，2.5D超质感机身，90Hz高刷护眼屏,1698, ,6.6, , , , , 
OPPO A72（8GB/128GB/全网通/5G版）超薄拍照游戏手机，双模5G，90Hz全面屏，7.9mm超薄,1899,1799,8.7,8.9,7.1,8.9,8.7,8.9
OPPO Reno7 Pro+,概念产品, , , , , , , 
荣耀X30 Max（8GB/256GB/全网通/5G版）联发科天玑900处理器，7.09英寸护眼阳光屏，5000mAh大电池，立体声双扬声器,2699,2669,5.5,5.3,4.9,7.2,5.6,4.6
荣耀Play5（8GB/128GB/全网通/5G版）66W超级快充，7.46mm超薄设计，6400万超清四摄，OLED真彩屏,2099,1699,6.8,6.5,6.5,8.1,6.5,6.5
中兴AXON 30 Ultra（12GB/256GB/全网通/5G版）高通骁龙888，三摄同拍同录，三重VC液冷散热，斯坦尼康级防抖,4998,4998,9.6,8.8,9.2,9.7,9.9,9.9
努比亚红魔6S PRO（8GB/128GB/全网通/5G版）高通骁龙888 Plus处理器，165Hz电竞屏，ICE多维散热系统，120w风冷急速快充，450Hz触控肩键,3999, ,6.9, , , , , 
中兴AXON 30（8GB/256GB/全网通/5G版）高通骁龙870处理器，120Hz OLED显示屏，全新一代屏下摄像，三重VC液冷,2798,2798,6.8,7.8,7.8,6.2,6.2,6.2
"OPPO Reno7（8GB/256GB/全网通/5G版）高通骁龙778G处理器，超感光猫眼镜头，航天级星雨光刻工艺,6400万大师人像三摄",2999,2999,9.0,9.2,8.6,9.4,8.7,9.2
华为畅享20e（4GB/64GB/全网通）,949, , , , , , , 
Redmi K40 Pro（8GB/128GB/全网通/5G版）高通骁龙888，6400万像素三摄，7.8mm轻薄设计，4520mAh大电量,2999, ,8.2, , , , , 
华为畅享20 Pro（8GB/128GB/全网通/5G版）全网通 5G SoC芯片，4800万高感光夜拍，90Hz畅滑屏，22.5W华为超级快充，4000mAh大电池,2299,2599,8.6,8.9,8.8,8.9,8.6,8.5
华为Mate40 Pro（8GB/128GB/全网通/4G版/素皮版）麒麟9000，88°超曲环幕屏，66W快充，50W无线快充，IP68级防水防尘，3D人脸识别,6099,5789,8.7,8.8,9.0,8.8,8.9,9.2
华为畅享10 Plus（4GB/128GB/全网通）6.59英寸全视屏，前置悬浮式镜头，4800万超广角AI三摄,1399,1499,6.7,6.5,6.8,6.1,7.4,6.5
华为Mate X2 典藏版（12GB/512GB/玻璃款）麒麟9000旗舰芯片，无缝鹰翼折叠，超感知徕卡四摄,18999, , , , , , , 
vivo X50（8GB/128GB/全网通/5G版）超感光夜摄，超稳运动拍摄，定制IMX598传感器，90Hz高刷新率，180Hz高采样率屏幕，超薄柔性屏,3298, ,8.3, , , , , 
Redmi K30 Pro（6GB/128GB/全网通/5G版）骁龙865旗舰处理器，弹出式超光感全面屏，索尼6400万高清四摄,2598,2499,8.4,8.9,9.0,8.9,8.2,7.4
荣耀Magic3（8GB/256GB/全网通/5G版）高通骁龙888处理器，6.76英寸超曲屏，多主摄计算摄影，66W超级快充,4999,4999,8.6,7.7,9.0,8.4,8.7,9.0
realme GT Neo2（8GB/128GB/全网通/5G版）高通骁龙870处理器，120Hz AMOLED E4显示屏，65W智慧闪充，5000mAh电池,2499,2499,8.6,9.5,8.9,8.3,7.5,7.5
酷派COOL 20（4GB/128GB/全网通）G80高性能游戏芯，4800万超清相机，128GB大存储,899,869,6.1,6.4,4.8,6.4,6.4,6.4
OPPO Reno7 SE（8GB/128GB/全网通/5G版）天玑900处理器，4800万质感人像三摄，星空拓印工艺，90Hz高感屏,2199, ,8.7, , , , , 
荣耀30S（8GB/128GB/全网通/5G版）5G双模，麒麟820，40W快充,2399, ,8.6, , , , , 
Redmi K40 Pro+（12GB/256GB/全网通/5G版）高通骁龙888，一亿像素夜景相机，7.8mm轻薄设计，4520mAh大电量,3699,2699,8.2,9.1,9.2,8.5,8.2,7.2
IPRO P100（8GB/128GB/全网通/5G版）,2398, ,6.4, , , , , 
一加10 Pro（全网通/5G版）,概念产品, , , , , , , 
vivo X60（12GB/256GB/全网通/5G版）蔡司光学镜头，微云台黑光夜视2.0，三星5nm旗舰芯片，双模5G,3499,3499,8.4,8.4,9.0,8.0,8.5,8.5
华为Mate X3,概念产品, , , , , , , 
OPPO Reno6 Pro+（8GB/128GB/全网通/5G版）高通骁龙870，5000万像素四摄，65w超级快充，90Hz OLED显示屏,3999,3699,9.1,9.1,9.0,9.4,9.2,9.3
华为畅享20 Plus（6GB/128GB/全网通/5G版）40W超级快充，90Hz高刷屏，4800万AI三摄,2299,2299,8.5,8.5,8.6,8.9,8.4,8.4
荣耀Play5 活力版（8GB/128GB/全网通/5G版）联发科天玑900处理器，66W超级快充，6400万超清影像，120Hz智能高刷,1799,1699,8.7,9.4,8.5,9.7,8.2,8.2
Redmi 9（4GB/64GB/全网通）联发科G80，后置AI四摄，5020mAh大电池,799,799,6.6,7.2,6.6,7.8,6.4,4.8
苹果iPhone 12 Pro（6GB/512GB/全网通/5G版）5G网络，Pro级摄像头系统，超瓷晶面板，IP68级抗水,9469, ,8.3, , , , , 
Redmi K30（6GB/64GB/全网通/5G版）120Hz刷新率，高通 骁龙765G，6400万像素，铜管液冷散热,1399,1399,7.0,6.9,6.0,7.6,7.1,7.6
Redmi K40 游戏增强版（8GB/256GB/全网通/5G版）联发科天玑1200，弹出式肩键，JBL立体声双扬，独立游戏天线组，航天立体散热,2399,2069,8.7,9.2,9.0,9.7,9.2,7.4
iQOO 8（8GB/128GB/全网通/5G版）高通骁龙888，全感操控系统2.0，独立显示芯片，120Hz十亿色全感屏，4800万像素微云台主摄,3799,3299,8.9,9.2,9.1,8.8,8.9,8.8
华为nova 9 Pro（8GB/256GB/全网通）骁龙778G处理器，HarmonyOS 2操作系统，双3200万前置Vlog镜头，100W超级快充,3899,3899,8.6,8.0,8.0,9.2,8.5,8.3
小米10S（12GB/256GB/全网通/5G版）骁龙870，哈曼卡顿双扬声器，三重快充，1亿像素,3799,3199,6.6,6.9,6.7,6.1,6.9,6.5
Redmi Note 10 Pro（8GB/256GB/全网通/5G版）联发科天玑1100处理器，VC液冷散热，120Hz变速高刷屏，67w闪充，JBL立体声双扬声器,1999,1869,7.1,7.3,7.3,7.7,6.7,6.4
vivo S7（8GB/128GB/全网通/5G版）前置4400万AF双摄自拍，双模5G，后置6400万超感光夜摄，超级夜景4.0,2798,2598,8.7,8.6,8.9,8.2,9.0,8.7
小米10S（8GB/256GB/全网通/5G版）骁龙870，哈曼卡顿双扬声器，三重快充，1亿像素,3499,2899,6.6,6.9,6.7,6.1,6.9,6.5
小米10（8GB/128GB/全网通/5G版/至尊纪念版）120倍变焦，120W闪充，120Hz刷新率，240Hz采样率,4999, ,8.7, , , , , 
海信阅读手机A5（4GB/32GB/全网通/HiFi版）智能调光柔光灯，六大内容平台，墨智键，防沉迷学生模式，护眼墨水屏,1259,899,8.7,8.8,8.6,9.7,8.9,8.2
海信双屏手机A6L（6GB/64GB/全网通/悦享版）双全面屏，双屏联动，沉浸式阅读，护眼夜光水墨屏，AI墨智键，学生模式,1999,2099,8.6,8.9,8.8,9.4,9.1,8.6
海信阅读手机A5 Pro（4GB/64GB/全网通/经典版）水墨屏，电纸书阅读器，虎贲T610,1599,1299,6.7,6.1,6.1,6.1,9.3,6.1
海信阅读手机A5 Pro（4GB/64GB/全网通/CC版）彩墨屏，电纸书阅读器，虎贲T610,1799,1349,6.7,6.1,6.1,6.1,9.3,6.1
华为nova 5i（6GB/128GB/全网通）,1458,1799,6.0,5.3,5.7,7.2,6.2,5.4
荣耀X30i（6GB/128GB/全网通/5G版）联发科天玑810处理器，4800万超清三摄，7.45mm厚度，22.5w快充,1399, , , , , , , 
OPPO A8（4GB/128GB/全网通）千元三摄，阳光护眼屏,1099,999,8.8,8.8,8.5,9.2,8.8,8.7
OPPO Reno4 SE（8GB/128GB/全网通/5G版）65W超级闪充，小光芒设计，3200万前置自拍，双模5G,2199,1799,9.0,8.9,8.5,9.1,9.2,8.9
Redmi Note 11 4G（4GB/128GB/全网通/4G版）联发科Helio G88，90Hz变速高刷屏，5000mAh大电量，5000万高清三摄,999, , , , , , , 
小米10 Pro（8GB/256GB/全网通）骁龙865，50倍数字变焦，双模5G,4598,3598,8.2,8.1,8.9,8.2,7.5,8.1
华为Mate40 Pro（8GB/256GB/全网通/4G版/素皮版）麒麟9000，88°超曲环幕屏，66W快充，50W无线快充，IP68级防水防尘，3D人脸识别,6599,6289,8.7,8.8,9.0,8.8,8.9,9.2
"OPPO Reno7（12GB/256GB/全网通/5G版）高通骁龙778G处理器，超感光猫眼镜头，航天级星雨光刻工艺,6400万大师人像三摄",3299,3299,9.0,9.2,8.6,9.4,8.7,9.2
华为Mate40 RS保时捷版（8GB/256GB/全网通/5G版）麒麟9000，88°超曲环幕屏，超感知徕卡电影五摄，星钻设计镜头，66W快充，50W无线快充,10999,10999,8.8,8.8,9.2,8.3,8.3,9.3
realme GT Neo2T（12GB/256GB/全网通/5G版）联发科天玑1200-AI版处理器，6400万像素广角三摄，120Hz 电竞屏，65w智慧闪充,2399,2599,9.4,8.8,9.0,9.3,9.1,8.9
三星Galaxy S20+（12GB/128GB/全网通）120Hz超感屏，30倍超视觉空间变焦，8K投屏,6999, ,8.8, , , , , 
三星Galaxy S20 Ultra（12GB/256GB/全网通）1.08亿像素后置主摄，8k视频录制，100倍变焦,8999, ,8.7, , , , , 
vivo Y5s（6GB/128GB/全网通）AI智慧三摄，18W双引擎闪充，游戏魔盒,1398, ,8.5, , , , , 
三星Galaxy A52（8GB/128GB/全网通/5G版）120Hz全视屏，IP67级防尘防水，多功能NFC,2999,2399,8.5,8.4,7.5,8.7,9.0,8.5
华为Mate40 Pro+（12GB/256GB/全网通/5G版）麒麟9000，88°超曲环幕屏，66W快充，50W无线快充，超感知徕卡电影五摄，3D人脸识别,8999,11299,8.7,8.8,9.0,8.7,8.3,9.3
OPPO A92s（6GB/128GB/全网通/5G版）120Hz刷新率，后置4800W四摄，侧边指纹,1999, ,8.9, , , , , 
中兴AXON 30（8GB/512GB/全网通/5G版）,3498,3498,6.8,7.8,7.8,6.2,6.2,6.2
华为畅享20 SE（4GB/128GB/全网通）90.3%屏占比，22.5W超级快充，5000mAh大电池，1300万后置三摄,1299, ,6.4, , , , , 
荣耀30 Pro+（8GB/256GB/全网通/5G版）双模5G，无线反向充电，90Hz刷新率,4999,4999,8.8,8.6,9.5,7.5,9.0,8.5
三星Galaxy S21+（8GB/128GB/全网通/5G版）骁龙888，超高清专业摄像，120Hz护目屏,7199, ,7.8, , , , , 
vivo S10e（8GB/256GB/全网通/5G版）联发科天玑900处理器，6400万超清影像，66W超级快充，7.49mm轻薄机身,2599, ,7.4, , , , , 
Redmi Note 9（4GB/128GB/全网通/4G版）6000mAh大电池，骁龙662处理器，18W快充,999,869,6.5,6.6,6.1,7.4,6.6,5.8
OPPO K7（8GB/128GB/全网通/5G版）GameBoost 2.0，Hi-Res认证，双模5G,1999,1799,9.0,9.1,8.6,9.1,8.7,9.3
iQOO 9,概念产品, , , , , , , 
黑鲨4S（12GB/128GB/全网通/5G版）高通骁龙870处理器，144Hz显示屏，磁动力升降肩键,2999,2999,8.9,9.2,8.9,9.0,8.8,8.6
诺基亚X20（全网通/5G版）,即将上市, ,7.4, , , , , 
一加9RT（12GB/256GB/全网通/5G版）高通骁龙888，ColorOS 12，65T超级闪充，电竞三WiFi天线系统,3799,3699,9.3,9.4,9.0,9.6,9.8,9.6
一加9（12GB/256GB/全网通/5G版）高通骁龙888，哈苏手机影像系统，自由曲面镜头,4299,3299,8.4,6.4,9.5,6.4,6.4,6.4
三星Galaxy F52（8GB/128GB/全网通/5G版）高通骁龙750G移动平台，120Hz高刷新率全面屏，6400万像素四摄，玻璃机身,1999, ,6.8, , , , , 
荣耀Play4T Pro（6GB/128GB/全网通）麒麟810芯片，OLED屏幕指纹，4800万高感光夜拍三摄,1658, ,8.6, , , , , 
荣耀Play5T Pro（8GB/128GB/全网通）6400万超清双摄，8GB+128GB超大存储，22.5W超级快充,1499, ,6.9, , , , , 
华为P50 Pro（8GB/512GB/全网通/骁龙888）万象双环设计，120Hz OLED显示屏，IP68防尘防水，鸿蒙2.0系统,7499, ,8.6, , , , , 
荣耀50 Pro（12GB/256GB/全网通/5G版）高通骁龙778G处理器，亿级像素高清影像，100W超级闪充，120Hz高刷超曲屏,3999,3789,8.7,7.7,9.0,9.0,8.9,8.3
一加9R（12GB/256GB/全网通/5G版）高通骁龙870，五指240Hz触控，4D立体游戏振感，智能散热系统,3499,3099,8.2,9.1,9.0,7.7,9.0,8.2
vivo Y31s（6GB/128GB/全网通/5G版/标准版）天玑700，5G+5G双卡双待，5000mAh大电池，18W双引擎闪充，AI智慧影像,1699, ,6.7, , , , , 
Redmi 10X（6GB/128GB/全网通/5G版）双5G待机，天玑820处理器，4800万流光相机，800万超广角，三星AMOLED屏幕，屏幕指纹,1499, ,7.8, , , , , 
华为畅享10e（4GB/64GB/全网通）1300万后置双摄，5000mAh大电池，6.3英寸珍珠屏,999,999,8.3,6.9,8.1,9.1,5.2,4.4
vivo T1（8GB/128GB/全网通/5G版）高通骁龙778G处理器，120Hz高刷原色屏，环绕立体声双扬,1999, , , , , , , 
苹果iPhone SE 2（3GB/256GB/全网通）小屏手机，A13仿生芯片，触控ID,4599,4599,7.9,9.2,9.5,6.6,9.0,7.7
一加8 Pro（8GB/128GB/全网通/5G版）骁龙865，120Hz刷新率，LPDDR5,5399, ,8.5, , , , , 
Hi nova 9（8GB/256GB/全网通/5G版）前置3200万超清人像镜头，120Hz原色超曲屏，后置5000万超感光主摄，66W超级快充,3399,3399,7.0,6.4,8.5,8.0,6.4,8.0
三星Galaxy Z Flip3（8GB/128GB/全网通/5G版）,7599,7599,8.6,8.0,9.3,7.5,9.7,9.0
华为Mate40（8GB/256GB/全网通/5G版/玻璃版）90Hz刷新率，240Hz触控采样率，68°曲面屏，麒麟9000E,5499,6649,8.5,7.8,8.9,7.3,9.2,8.8
华为Mate40 Pro（8GB/256GB/全网通/4G版/玻璃版）麒麟9000，88°超曲环幕屏，66W快充，50W无线快充，IP68级防水防尘，3D人脸识别,6599,6289,8.7,8.8,9.0,8.8,8.9,9.2
魅族18s（8GB/256GB/全网通/5G版）高通骁龙888Plus处理器，2K曲面屏，高通二代超声波屏下指纹,3999,3799,7.0,8,6.4,8,6.4,6.4
华为畅享10（4GB/64GB/全网通）极点全面屏，4800万超清夜景，4000mAh大电池,1599,1599,8.4,7.5,8.6,8.0,6.7,3.9
realme GT Neo（12GB/256GB/全网通/5G版）联发科天玑1200，3D钢化VC液冷散热，GT模式，50W智慧闪充,2299,2399,8.6,9.5,9.2,7.7,8.1,8.0
苹果iPhone 11（4GB/256GB/全网通）A13处理器，GPU抗锯齿效果，夜间模式,5799,4899,8.1,5.5,9.8,6.0,6.4,6.6
vivo X70 Pro（8GB/128GB/全网通/5G版）三星Exynos1080处理器，5000万像素微云台主摄，专业影像芯片 V1，全新萤石AG工艺,4299, ,6.7, , , , , 
OPPO Find X4,概念产品, , , , , , , 
小米11 青春活力版（8GB/128GB/全网通/5G版）骁龙778G，6400万主摄像头，柔性AMOLED直屏，超线性立体声,1999, , , , , , , 
Redmi 9A（6GB/128GB/全网通）1300万AI相机，5000mAh大电量，人脸解锁,999,889,6.8,7.2,7.2,7.2,6.2,6.2
索尼Xperia 1 III（12GB/256GB/全网通/5G版）高通骁龙888，AI超分辨率变焦技术，4K HDR 120Hz显示屏，双核相位检测传感器,8499,7499,6.5,5.5,7.5,6.7,7.1,5.9
OPPO Reno3 Pro（8GB/128GB/全网通/5G版）VOOC 闪充 4.0，视频超级双防抖，7.7mm 超轻薄机身，骁龙765G,3499, ,9.3, , , , , 
华为nova 8 Pro（8GB/256GB/全网通/5G版）麒麟985，通信5G四网协同，Wi-Fi 6+，6400万魅力四摄，66W超级快充，120Hz刷新率,4399,4399,9.0,9.1,9.0,9.4,8.9,8.5
中兴AXON 30（6GB/128GB/全网通/5G版）高通骁龙870处理器，120Hz OLED显示屏，全新一代屏下摄像，三重VC液冷,2198, ,6.8, , , , , 
OPPO Find N 5G（全网通/5G版）,概念产品, , , , , , , 
小米MIX 4（12GB/512GB/全网通/5G版）高通骁龙888Plus处理器，CUP全面屏，轻量化一体精密陶瓷，120瓦双档快充，UWB一指连,6299,5469,8.1,6.5,8.5,8.3,8.5,7.5
荣耀50 SE（8GB/256GB/全网通/5G版）天玑900处理器，亿级像素高清影像，66W超级闪充，120Hz高刷屏,2699,2399,8.5,8.8,8.8,8.9,8.9,8.8
Moto Edge S Pro（8GB/256GB/全网通/5G版）高通骁龙870处理器，1亿像素主摄，50X潜望式变焦，10亿144Hz OLED臻彩屏，Ready For多屏畅连,2999,2159,6.6,7.2,7.2,5.6,5.6,7.2
中兴远航20 Pro（8GB/256GB/全网通/5G版）66W的超快闪充，天玑720，超级天线3.0,2198, , , , , , , 
vivo Y70t（8GB/128GB/全网通/5G版）Exynos 880处理器，4800万AI三摄，零感水冷散热，侧面指纹识别,1599,1699,6.7,7.7,7.7,6.1,6.1,6.1
华为Mate40（8GB/128GB/全网通/5G版/素皮版）90Hz刷新率，240Hz触控采样率，68°曲面屏，麒麟9000E,4999, ,8.5, , , , , 
Redmi Note 11 Pro+（6GB/128GB/全网通/5G版）联发科天玑920处理器，对称式超线性双扬声器，1亿像素后置三摄，VC液冷散热,1899, ,6.4, , , , , 
OPPO A11s（8GB/128GB/全网通）高通骁龙460处理器，5000mAh超大容量电池，18w疾速快充，90Hz护眼屏,1199, ,6.7, , , , , 
Redmi K40 Pro（6GB/128GB/全网通/5G版）高通骁龙888，6400万像素三摄，7.8mm轻薄设计，4520mAh大电量,2799, ,8.2, , , , , 
iQOO Z5（8GB/256GB/全网通/5G版）高通骁龙778G处理器，120Hz高刷原色屏，5000mAh超大电池，旗舰级VC液冷散热,2099, ,8.7, , , , , 
vivo Y3s（4GB/128GB/全网通）5000mAh大电池，AI智慧双摄，面部识别,1198, ,6.5, , , , , 
华为nova 6 SE（8GB/128GB/全网通）全场景AI四摄，人像超级夜景2.0，GPU Turbo，40W超级快充,2588,1998,6.8,7,7.6,6.5,6.5,6.5
Redmi K30（8GB/128GB/全网通/5G版/至尊纪念版）弹出全面屏，120Hz刷新率，HDR 10+,2016,2999,8.5,8.2,9.2,7.5,8.8,7.8
iQOO 5 Pro（8GB/256GB/全网通/5G版）高通骁龙865，120W超快闪充，120Hz超视感曲面屏,4998, ,8.7, , , , , 
Redmi Note 11（8GB/256GB/全网通/5G版）联发科天玑810处理器，X轴线性马达,1699, ,6.4, , , , , 
荣耀X30i（8GB/256GB/全网通/5G版）联发科天玑810处理器，4800万超清三摄，7.45mm厚度，22.5w快充,1899, , , , , , , 
苹果iPhone SE 2（3GB/128GB/全网通）小屏手机，A13仿生芯片，触控ID,3799,3799,7.9,9.2,9.5,6.6,9.0,7.7
iQOO Z1（8GB/128GB/全网通/5G版）天玑1000Plus，144Hz竞速屏，44W超级闪充,2198, ,8.6, , , , , 
iQOO Z5x（6GB/128GB/全网通/5G版）联发科天玑900处理器，5000mAh大电池，5000万超清主摄， 120Hz高刷屏,1599,1399,9.0,9.8,9.5,9.9,9.0,8.5
荣耀Play3（4GB/64GB/全网通）全场景加速引擎，暗光人脸解锁，麒麟710F自研芯片,999,1099,6.7,6.4,6.6,6.9,6.9,6.6
iQOO Z1x（8GB/128GB/全网通/5G版）高通骁龙765G，5000mAh+33W闪充，PC级液冷散热,1798,1899,8.5,8.6,8.8,9.7,7.7,8.2
荣耀V40（8GB/256GB/全网通/5G版）10亿色视网膜级超感屏，5000万超感光影像，智慧双5G,3999,3999,8.4,8.0,8.0,7.8,9.1,8.7
realme V11（4GB/128GB/全网通/5G版）5000mAh电池，8.4mm机身，侧边指纹,1199, ,7.0, , , , , 
诺基亚G50（6GB/128GB/全网通/5G版）高通骁龙480处理器，RAW域超级夜景，5000mAh大容量电池，6.82英寸大屏,1999, ,6.9, , , , , 
华为Mate X2（8GB/512GB/全网通/5G版）麒麟9000旗舰芯片，无缝鹰翼折叠，超感知徕卡四摄,18999,20998,8.7,8.4,9.3,8.3,8.9,8.8
iQOO 8 Pro（12GB/512GB/全网通/5G版）高通骁龙888 Plus处理器，50W无线闪充，2K E5屏，超声波3D广域指纹，微云台双主摄影像系统,5999,5699,9.1,9.1,9.7,9.0,9.9,9.4
iQOO Neo6,概念产品, ,6.7, , , , , 
OPPO A93s（8GB/128GB/全网通/5G版）,1799,1799,8.8,8.7,9.0,9.2,8.9,8.9
华为P40 Pro+（8GB/512GB/全网通/5G版）徕卡五摄，双长焦镜头，麒麟990 5G,8888,8888,8.6,6.6,9.0,8.4,4.1,8.5
华为麦芒9（6GB/128GB/全网通/5G版）22.5W超级快充，6400w高清摄影，极速5G新体验,2499,1689,8.5,8.4,8.8,8.2,8.2,8.2
vivo Y70s（8GB/128GB/全网通/5G版）三星 Exynos 880，4500毫安电池，侧边指纹，双模5G,2398, ,8.6, , , , , 
OPPO Find X4 Pro,概念产品, ,8.0, , , , , 
华为nova 5Z（6GB/64GB/全网通）,1458,1599,8.7,8.1,8.9,8.7,8.2,7.3
OPPO K9（8GB/256GB/全网通/5G版）骁龙768G，90Hz OLED电竞屏，AI三摄，65W超级闪充,2199,1999,8.7,8.6,7.5,9.3,8.7,9.1
Moto Edge S Pro（6GB/128GB/全网通/5G版）高通骁龙870处理器，1亿像素主摄，50X潜望式变焦，10亿144Hz OLED臻彩屏，Ready For多屏畅连,2399,1949,6.6,7.2,7.2,5.6,5.6,7.2
华为畅享20e（4GB/128GB/全网通）,1149, , , , , , , 
realme Q3s（8GB/256GB/全网通/5G版）高通骁龙778G处理器，144Hz可变帧电竞屏，4800万像素流光人像三摄,1999, ,6.4, , , , , 
Redmi K40 游戏增强版（12GB/256GB/全网通/5G版）联发科天玑1200，弹出式肩键，JBL立体声双扬，独立游戏天线组，航天立体散热,2499,2179,8.7,9.2,9.0,9.7,9.2,7.4
realme V15（6GB/128GB/全网通/5G版）50W闪充，179g轻薄机身，6400万像素AI三摄,1399,1299,8.1,8.2,7.0,8.5,8.4,7.6
小米Civi（8GB/128GB/全网通/5G版）高通骁龙778G处理器，120Hz曲面原色屏，4500mAh大容量电池，立体声双扬声器,2599, ,6.9, , , , , 
中兴AXON 30 Pro（8GB/128GB/全网通/5G版）高通骁龙888，多摄同拍同录，三重VC液冷散热，多功能NFC,3298,2498,8.7,9.0,9.3,9.2,9.3,9.2
华为nova 5i Pro（8GB/256GB/全网通）麒麟810，屏下镜头技术，人像超级夜景,2399, ,7.1, , , , , 
realme Q3s（6GB/128GB/全网通/5G版）高通骁龙778G处理器，144Hz可变帧电竞屏，4800万像素流光人像三摄,1599, ,6.4, , , , , 
荣耀20青春版（4GB/64GB/全网通）4800万后置三摄，OLED 屏幕，屏幕指纹解锁，AOD息屏显示,1249,1199,8.3,5.6,8.8,6.4,7.7,6.4
苹果iPhone 11 Pro Max（4GB/256GB/全网通）HDR10，后置三摄，神经网络引擎，独立取景器,8899,9999,8.0,5.1,9.8,6.5,6.3,6.7
荣耀X10（8GB/128GB/全网通/5G版）5G双模，麒麟820，4300mAh续航，4000万高感光影像,2399,1699,8.8,8.9,8.5,8.4,8.6,8.8
iQOO Z5（12GB/256GB/全网通/5G版）高通骁龙778G处理器，120Hz高刷原色屏，5000mAh超大电池，旗舰级VC液冷散热,2299, ,8.7, , , , , 
OPPO A95（8GB/256GB/全网通/5G版）天玑800U芯片，30W快充，1600万前置，AMOLED护眼大屏,2299,1999,8.8,8.8,8.6,9.1,8.6,8.7
荣耀畅玩20 Pro,概念产品, , , , , , , 
vivo Y73s（8GB/128GB/全网通/5G版）AMOLED高清护眼屏，双引擎闪充，4800万后置影像系统,1998, ,8.4, , , , , 
苹果iPhone 14 mini,概念产品, ,4.8, , , , , 
realme Q3 Pro狂欢版（8GB/128GB/全网通/5G版）高通骁龙768G处理器，50W智慧闪充，120Hz三星Super AMOLED屏,1799,1799,6.8,8.4,6.8,5.2,6.8,6.8
iQOO U3x（4GB/128GB/全网通/5G版）5000mAh大电池，90Hz竞速屏，骁龙480,1199, , , , , , , 
vivo X70（12GB/256GB/全网通/5G版）联发科天玑1200vivo定制处理器，4000万像素微云台主摄，蔡司专业影像，萤石AG工艺,4299, ,6.8, , , , , 
realme GT Neo2（12GB/256GB/全网通/5G版）高通骁龙870处理器，120Hz AMOLED E4显示屏，65W智慧闪充，5000mAh电池,2899,2999,8.6,9.5,8.9,8.3,7.5,7.5
荣耀Magic3 Pro（12GB/256GB/全网通/5G版）高通骁龙888Plus处理器，6.76英寸超曲屏，多主摄计算摄影，有线无线双超级快充,6299,6199,8.8,8.5,9.5,8.7,9.1,9.1
华为nova 8 Pro（8GB/128GB/全网通/4G版）麒麟985，Wi-Fi 6+，6400万魅力四摄，66W超级快充，120Hz刷新率,3699,3699,9.0,9.1,9.0,9.4,8.9,8.5
荣耀X20（6GB/128GB/全网通/5G版）联发科天玑900处理器，6400万超清影像，66W超级快充，120Hz高刷屏,1899,1689,8.5,9.1,8.5,8.4,9.1,8.3
vivo X60t Pro+（12GB/256GB/全网通/5G版）高通骁龙888处理器，微云台双主摄，蔡司联合影像系统，内存融合技术，120Hz高刷新率OLED显示屏,4998, , , , , , , 
荣耀30青春版（6GB/64GB/全网通/5G版）90Hz刷新率，4000mAh大电池，AI极速抓拍,1699,1899,8.5,8.9,8.9,8.3,8.3,8.3
OPPO Reno5（8GB/128GB/全网通/5G版）星钻工艺，AI 精致证件照，3200万水光镜,2699,2199,9.0,8.6,7.5,9.3,9.1,9.4
努比亚红魔7NX679J,概念产品, , , , , , , 
三星Galaxy S21 Ultra（16GB/512GB/全网通/5G版）骁龙888，1.08亿像素，120Hz护目屏，支持Spen,10699,9199,8.6,8.8,9.2,8.0,8.7,8.6
小米10青春版（8GB/128GB/全网通/5G版）50倍潜望式变焦，AI魔法分身，双模5G,2099,2099,7.9,8.1,8.8,5.7,7.4,6.7
Redmi Note 11（4GB/128GB/全网通/5G版）联发科天玑810处理器，X轴线性马达,1199, ,6.4, , , , , 
iQOO Neo5（8GB/128GB/全网通/5G版）高通骁龙870+独立显示芯片，66W闪充，全覆盖液冷散热系统,2499, ,8.8, , , , , 
魅族18 Pro（8GB/128GB/全网通/5G版）极边四曲微弧屏，AR全场景大师影像系统，高通骁龙888,4199,3699,8.4,8.0,9.5,8.3,9.0,9.0
realme GT（8GB/256GB/全网通/5G版）高通骁龙888，65w智慧闪充，120Hz电竞屏，3D钢化液冷散热,2799,2799,8.6,9.3,9.2,8.3,7.9,7.7
OPPO A91（8GB/128GB/全网通）光感屏幕指纹，全网通，闪充3.0,1799, ,8.6, , , , , 
vivo Y51s（6GB/128GB/全网通）双模5G，4500mAh电池，双引擎闪充,1698, ,6.7, , , , , 
NZONE S7 Pro（8GB/128GB/全网通/5G版）,2299,2299,6.1,4.5,4.5,7.7,7.7,6.1
苹果iPhone 12 mini（4GB/256GB/全网通/5G版）超瓷晶面板，A14仿生，双模5G,5699,5299,8.5,8.7,9.7,6.6,7.2,6.5
华为Mate40 Pro（8GB/512GB/全网通/5G版/素皮版）麒麟9000，88°超曲环幕屏，66W快充，50W无线快充，IP68级防水防尘，3D人脸识别,7999, ,8.7, , , , , 
酷派COOL 20 Pro（8GB/128GB/全网通/5G版）天玑900 5G SoC高性能游戏芯，5000万像素AI三摄，120Hz高刷屏,2099, ,9.0, , , , , 
三星Galaxy S21 FE（全网通/5G版）,概念产品, , , , , , , 
华为畅享20 Plus（8GB/128GB/全网通/5G版）40W超级快充,2499,2499,8.5,8.5,8.6,8.9,8.4,8.4
realme X7 Pro（8GB/128GB/全网通/5G版）120Hz柔性屏，天玑1000 Plus，65W智慧闪充，COP工艺超短下巴,2399, ,8.8, , , , , 
华为nova 8 SE（8GB/128GB/全网通/5G版/高配版）66W超级快充，6400万像素超清四摄，4k高清视频,2699, ,8.5, , , , , 
荣耀V40轻奢版（8GB/128GB/全网通/5G版）轻薄超曲屏，10亿色显示，66W超级快充，3200W美颜自拍,2999,2999,8.4,5.9,8.2,5.3,9.7,9.6
华为nova 8（8GB/256GB/全网通/5G版）66W超级快充，麒麟985，6400万魅力四摄，7.64mm纤薄机身，3D石墨烯散热,3699,3699,6.7,6.7,6.7,6.7,7,6.4
Redmi Note 11 潮流限定版（8GB/256GB/全网通/5G版）,2699, ,5.3, , , , , 
realme Q2 Pro（8GB/128GB/全网通/5G版）双5G，4800万多功能四摄，65W闪充,1599, ,8.5, , , , , 
努比亚红魔6R（6GB/128GB/全网通/5G版）高通骁龙888移动平台，144Hz超清电竞屏，400Hz触控游戏肩键，立体多维散热系统,2699, , , , , , , 
荣耀Play5T 活力版（6GB/128GB/全网通）高清四摄，22.5W超级快充，高清护眼屏，独立Smart PA,1299,1099,3.5,1.6,1.6,4.8,4.8,4.8
华为Mate40 Pro（8GB/512GB/全网通/5G版/玻璃版）麒麟9000，88°超曲环幕屏，66W快充，50W无线快充，IP68级防水防尘，3D人脸识别,7999, ,8.7, , , , , 
Moto Edge 轻奢版（8GB/128GB/全网通/5G版）高通骁龙778G处理器，1亿像素30倍融合变焦，3200万超感光自拍，10亿色144Hz OLED臻彩屏,2599,1669,8.6,9.4,9.0,8.0,8.0,8.0
荣耀X20（8GB/256GB/全网通/5G版）联发科天玑900处理器，6400万超清影像，66W超级快充，120Hz高刷屏,2499,2299,8.5,9.1,8.5,8.4,9.1,8.3
多亲F21Pro（3GB/32GB/全网通）4G全网通，红外遥控，内置小米小爱同学，可远程管控，防沉迷学生手机,599, , , , , , , 
vivo X60（8GB/256GB/全网通/5G版）蔡司光学镜头，微云台黑光夜视2.0，三星5nm旗舰芯片，双模5G,3299,3299,8.4,8.4,9.0,8.0,8.5,8.5
vivo Z6（6GB/128GB/全网通/5G版）44W超快闪充，高通骁龙765G，5000mAh超大电池,1849,2198,8.4,7.8,8.8,7.8,7.4,7.9
Moto Edge S Pro（12GB/256GB/全网通/5G版）高通骁龙870处理器，1亿像素主摄，50X潜望式变焦，10亿144Hz OLED臻彩屏，Ready For多屏畅连,3299, ,6.6, , , , , 
vivo Y55s（8GB/128GB/全网通/5G版）6000mAh金标巨能量电池，5000万像素超清影像，200%大音量超级扬声器,1699, , , , , , , 
vivo Y7s（6GB/128GB/全网通） superAmoled全面屏，光电屏幕指纹，超广角AI三摄，前置1600万高清像素，超级逆光,1798, ,8.2, , , , , 
vivo T1x（8GB/128GB/全网通/5G版）联发科天玑900处理器，5000mAh大容量电池，120Hz护眼屏,1799, , , , , , , 
iQOO U3（6GB/128GB/全网通/5G版）天玑800U处理器，全新UFS 2.2，90Hz高刷新率，五重液冷散热系统,1498, ,7.0, , , , , 
vivo S12,概念产品, , , , , , , 
苹果iPhone 12 Pro Max（6GB/512GB/全网通/5G版）Pro级摄像头系统，杜比视界，5G加身，超瓷晶面板,11899,11899,8.3,8.2,9.7,7.3,8.1,8.8
Redmi Note 10 Pro（海外版）,价格面议, , , , , , , 
OPPO Reno6 Pro（8GB/128GB/全网通/5G版）联发科天玑1200处理器，6400万像素四摄，90Hz曲面屏，，65w超级快充,3499,3199,9.2,8.9,9.5,9.2,9.7,9.5
诺基亚X200,概念产品, , , , , , , 
华为P40（8GB/256GB/全网通/5G版）徕卡三摄，麒麟990 5G，WiFi 6,4988,4988,8.6,8.5,9.0,8.3,8.7,9.1
荣耀Magic3 Pro（12GB/512GB/全网通/5G版）高通骁龙888Plus处理器，6.76英寸超曲屏，多主摄计算摄影，有线无线双超级快充,6799,6799,8.8,8.5,9.5,8.7,9.1,9.1
realme X7 Pro至尊版（12GB/256GB/全网通/5G版）65W智慧闪充，7.8mm轻薄双曲面，65W智慧闪充,2599,2699,6.7,7.5,7.1,6.7,6.3,5.9
荣耀30（8GB/128GB/全网通/5G版）超广角AI四摄，3200W美颜自拍，麒麟985,2999,2999,8.4,7.8,8.8,8.4,8.3,7.7
华为畅享10S（6GB/64GB/全网通）超广角AI三摄，AI逆光美拍，光感屏幕指纹,1599,1599,6.4,6.4,7.2,6.4,4.8,7.2
荣耀X10（6GB/64GB/全网通/5G版）5G双模，麒麟820，4300mAh续航，4000万高感光影像,1899, ,8.8, , , , , 
苹果iPhone SE Plus（全网通）,概念产品, ,8.0, , , , , 
麦芒10 SE（6GB/128GB/全网通/5G版）,1699, , , , , , , 
黑鲨4（6GB/128GB/全网通/5G版）骁龙870，磁动力升降肩键，120W极速闪充，游戏语音操控,2499, ,8.3, , , , , 
Redmi K40 游戏增强版（12GB/128GB/全网通/5G版）联发科天玑1200，弹出式肩键，JBL立体声双扬，独立游戏天线组，航天立体散热,2199,1899,8.7,9.2,9.0,9.7,9.2,7.4
联想拯救者电竞手机2 Pro（8GB/128GB/全网通/5G版）八指操控，144Hz定制三星E4屏，全局DC调光，等效1.6cc对称双扬，4400万像素中置前摄，双X轴线性,3699, ,7.4, , , , , 
vivo Y30（6GB/128GB/全网通/标准版）5000mAh电池，侧面指纹解锁，AI智慧影像,1398,1199,8.0,7.8,8.2,8.6,9.0,7.6
NZONE S7 Pro+（8GB/128GB/全网通/5G版）,2599, , , , , , , 
三星Galaxy Fold（12GB/512GB/全网通）六摄像头，折叠屏，多任务处理,8879, ,9.1, , , , , 
vivo T1x（6GB/128GB/全网通/5G版）联发科天玑900处理器，5000mAh大容量电池，120Hz护眼屏,1599, , , , , , , 
Hi nova 9 Pro（8GB/256GB/全网通/5G版）前置双3200万影像单元，120Hz原色超曲屏，后置5000万超感光主摄,4199,4199,8.5,0.0,8.5,0.0,0.0,0.0
OPPO Reno5 K（12GB/256GB/全网通/5G版）6400万水光人像四摄，65W超级闪充，Glow20星钻工艺,2999,2999,8.8,9.0,8.6,8.8,9.1,9.2
Moto Edge X30（8GB/256GB/全网通/5G版）骁龙8 Gen1处理器，超大底前后三主摄，68W快充，144Hz10亿色超感臻彩屏,3199, , , , , , , 
OPPO Reno Flip（全网通/5G版）,概念产品, , , , , , , 
华为Mate30 Pro（8GB/128GB/全网通）双4000万徕卡电影四摄，超曲面OLED环幕屏,5899,5899,8.5,8.2,9.0,8.0,7.7,8.8
华为Mate Xs（8GB/512GB/全网通/5G版）超感光徕卡四摄，可折叠全面屏，4500mAh电池,16999,16999,8.7,8.9,9.5,9.2,9.3,9.4
诺基亚8.3（6GB/64GB/全网通/5G版）卡尔.蔡司认证，支持13个5G频段，骁龙765G,4600, ,6.6, , , , , 
Moto G50（8GB/128GB/全网通/5G版）8GB超大内存，90Hz高刷大屏，4800万像素三摄，5000mAh大电池,1499, ,8.0, , , , , 
华为nova 7（8GB/256GB/5G版/全网通）OLED极点全面屏，全网通5G，麒麟985,3399,4699,8.3,8.2,9.5,9.5,8.5,7.0
Redmi 10X（4GB/128GB/全网通）后置4800万超清四摄，小孔全面屏，9W反向充电,999, ,6.3, , , , , 
iQOO Neo5 活力版（12GB/256GB/全网通/5G版）高通骁龙870移动平台，144Hz竞速屏，环绕式立体双扬，KPL比赛用机测试认证,2699,2699,8.6,9.1,9.0,8.5,8.2,8.3
小米Max 4,概念产品, ,7.4, , , , , 
三星W21（12GB/512GB/全网通/5G版）折叠屏，双卡双待，骁龙865+,15599,13999,8.5,8.4,9.0,8.2,8.2,9.0
vivo S10（8GB/128GB/全网通/5G版）联发科天玑1100处理器，前置4400万自然柔光人像，4G内存融合技术，44w闪充,2699,2349,8.8,8.1,9.6,7.1,9.9,9.1
vivo S7e（8GB/128GB/全网通/5G版）6400万超高清主摄，33W闪充，双模5G,2398,2398,8.5,8.4,8.6,8.2,8.1,9.0
Google Pixel 4a（6GB/128GB/全网通）骁龙730，24小时电池续航，5.8英寸,4799, ,6.5, , , , , 
realme GT 大师版（8GB/256GB/全网通/5G版）高通骁龙778G处理器，65W智慧闪充，独家街头摄影模式，3200万索尼超清美颜自拍，+5G运存拓展,2599, , , , , , , 
三星Galaxy Z Fold2（12GB/512GB/全网通/5G版）自适应分屏模式，双芯智能电池，双重预览,12999,9999,8.8,8.4,9.7,8.3,8.5,9.3
vivo X80联发科天玑2000处理器，120Hz FHD+显示屏。后置5000万像素主摄,概念产品, , , , , , , 
荣耀30i（全网通/5G版）,概念产品, , , , , , , 
realme V11（6GB/128GB/全网通/5G版）5000mAh电池，8.4mm机身，侧边指纹,1399,1399,7.0,8,6.4,8,8,4.8
黑鲨4 Pro（8GB/256GB/全网通/5G版）骁龙888，升降游戏按键，120W极速闪充，游戏语音操控,3999, ,8.4, , , , , 
vivo T1（12GB/256GB/全网通/5G版）高通骁龙778G处理器，120Hz高刷原色屏，环绕立体声双扬,2599, , , , , , , 
努比亚Z30 Pro（12GB/256GB/全网通/5G版）高通骁龙888处理器，秒拍星轨，144Hz屏幕刷新率，120w超能快充,5399,4399,7.3,7.2,7.6,6.2,7.8,7.8
努比亚红魔6（8GB/128GB/全网通/5G版）骁龙888，165Hz刷新率，双独立触控肩键，6层多维散热,3799,3199,8.4,7.7,9.2,9.6,8.2,6.7
ROG 游戏手机5s Pro（18GB/512GB/全网通/5G版）高通骁龙888Plus处理器，144Hz三星E4屏，炫彩个性视窗，六指双操控,8499,8499,9.5,9.4,9.8,9.9,9.4,9.0
Redmi Note 11 4G（6GB/128GB/全网通/4G版）联发科Helio G88，90Hz变速高刷屏，5000mAh大电量，5000万高清三摄,1099, , , , , , , 
iQOO Z3（8GB/128GB/全网通/5G版）120Hz高刷屏，6400万三摄，双模5G全网通,1699,1699,8.6,9.1,9.5,8.3,8.9,8.7
vivo Y52s t1版（8GB/256GB/全网通/5G版）后置4800万双摄，5000mAh电池，90Hz高刷,1999, ,7.2, , , , , 
三星Galaxy Z Fold3（12GB/512GB/全网通/5G版/Thom Browne限量版）,25499,14999,6.8,6.3,7.1,7.1,6.3,7.1
华为Mate30（6GB/128GB/全网通）IP53防水防尘，磁悬浮发声技术，4000万超感光徕卡影像，OLED全面屏,3669,4688,8.5,8.4,9.5,8.9,9.2,9.1
Google Pixel 6 Pro,6509, , , , , , , 
vivo X70（8GB/128GB/全网通/5G版）联发科天玑1200vivo定制处理器，4000万像素微云台主摄，蔡司专业影像，萤石AG工艺,3699, ,6.8, , , , , 
联想乐檬K12 Pro（4GB/64GB/全网通）6.8英寸屏幕，简易模式大字体，一键应用触达,879,759,5.9,6.9,3.7,8.5,5.3,5.3
华为nova 7 Pro（8GB/256GB/5G版/全网通）前置3200万追焦双摄 ，50倍潜望式变焦四摄，麒麟985,4099, ,8.8, , , , , 
OPPO Reno4 SE（8GB/256GB/全网通/5G版）光芒人像三摄，OLED超清护眼屏，一体化双模 5G,2499,1999,9.0,8.9,8.5,9.1,9.2,8.9
Google Pixel 6,4176, , , , , , , 
vivo Y53s（8GB/256GB/全网通/5G版）高通骁龙480处理器，5000mAh大电池，6400万超清主摄， 90Hz高刷屏，双模5G全网通,1999, ,6.6, , , , , 
诺基亚105 4G,229, , , , , , , 
vivo X60t Pro+（8GB/128GB/全网通/5G版）高通骁龙888处理器，微云台双主摄，蔡司联合影像系统，内存融合技术，120Hz高刷新率OLED显示屏,4499, , , , , , , 
Moto edge s（8GB/256GB/全网通/5G版）骁龙870，5000mAh电池，AI前后六摄，2.8cm超微距，LPDDR5,2799,1799,8.4,8.9,9.0,9.2,7.4,7.2
iQOO Neo5s,概念产品, ,7.0, , , , , 
荣耀Play4T（6GB/128GB/全网通）像素四合一，6.39英寸魅眼屏，面部指纹双解锁,1359,1079,6.6,6,7,7,6.5,6.5
OPPO A32（4GB/128GB/全网通）5000mAh大电池，18W快充，90Hz刷新率，89.2%屏占比,1199,1099,8.8,8.4,7.9,8.9,8.9,8.8
华为Mate30E Pro（8GB/128GB/全网通/5G版/玻璃版）麒麟990E，88°超曲面环幕屏，双4000万徕卡电影影像,5299,5299,8.5,8.6,8.6,8.7,8.2,8.2
魅族17 Pro（8GB/128GB/全网通/5G版）6400W专业影像系统，27W无线超充，mSmart 5G，mEngine 3.0,3799,4299,8.4,8.9,9.5,8.3,8.1,7.1
中兴AXON 30 Ultra（8GB/256GB/全网通/5G版）高通骁龙888，三摄同拍同录，三重VC液冷散热，斯坦尼康级防抖,4698,3998,9.6,8.8,9.2,9.7,9.9,9.9
中兴AXON 30 Pro（8GB/256GB/全网通/5G版）高通骁龙888，多摄同拍同录，三重VC液冷散热，多功能NFC,3598,2798,8.7,9.0,9.3,9.2,9.3,9.2
苹果iPhone 12 mini（4GB/128GB/全网通/5G版）超瓷晶面板，A14仿生，双模5G,4899,4499,8.5,8.7,9.7,6.6,7.2,6.5
华为Mate40（8GB/256GB/全网通/5G版/素皮版）90Hz刷新率，240Hz触控采样率，68°曲面屏，麒麟9000E,5499, ,8.5, , , , , 
三星Galaxy Note 20 Ultra（12GB/512GB/全网通/5G版）S Pen，疾速游戏体验，三星笔记，120Hz自适应屏幕,8499,8499,8.6,8.1,9.2,7.8,8.9,8.4
荣耀Play4（8GB/128GB/全网通/5G）6400万四摄，5G双模，VC液冷散热,2073,2499,6.8,7.1,7.9,6.3,6.3,6.3
华为Mate30 RS保时捷版（12GB/512GB/全网通/5G版）海思麒麟990 5G，双4000万徕卡电影四摄，后背带设计,12999,12999,8.6,8.7,8.9,9.0,9.2,9.1
华为畅享20 SE（8GB/128GB/全网通）90.3%屏占比，22.5W超级快充，5000mAh大电池，1300万后置三摄,1499,1499,6.4,6.1,6.1,7.7,6.9,5.3
小米POCO X3 Pro（全网通）,价格面议, ,8.0, , , , , 
魅族18s Pro（8GB/256GB/全网通/5G版）高通骁龙888Plus，40W无线超充，2K曲面屏，双超线性扬声器,4999,4799,6.9,6.6,8.2,6.6,6.6,6.6
realme V3（6GB/64GB/全网通/5G版）18W闪充，5000mAh大电池，1300万高清三摄,999, ,8.0, , , , , 
realme Q3 Pro（6GB/128GB/全网通/5G版）天玑1100旗舰芯，120Hz三星AMOLED屏，30W智慧快充，全息潮玩设计,1599, ,8.1, , , , , 
华为麦芒8（全网通）超广角AI三摄，高清珍珠屏，GPU Turbo 2.0技术,1599,1458,7.5,8.4,8.0,7.2,7.9,7.1
小米Civi（12GB/256GB/全网通/5G版）高通骁龙778G处理器，120Hz曲面原色屏，4500mAh大容量电池，立体声双扬声器,3199, ,6.9, , , , , 
联想拯救者电竞手机Pro（8GB/128GB/全网通/5G版）骁龙865 Plus，90W快充，144Hz电竞屏，双液冷散热,3449,3499,8.4,9.0,9.5,9.1,8.3,8.7
华为畅享Z（6GB/64GB/全网通/5G版）超级夜景，4K视频录像，5G,1699,1998,8.7,9.3,8.8,8.2,8.2,8.2
Redmi Note 9（8GB/256GB/全网通/4G版）6000mAh大电池，骁龙662处理器，18W快充,1499,1399,6.5,6.6,6.1,7.4,6.6,5.8
黑鲨4S（12GB/256GB/全网通/5G版）高通骁龙870处理器，144Hz显示屏，磁动力升降肩键,3299,3299,8.9,9.2,8.9,9.0,8.8,8.6
华为畅享20（6GB/128GB/全网通/5G版）6.6英寸影音大屏，5000mAh大电池，AI三摄闪拍,1899,1899,8.5,8.4,8.5,8.2,8.1,8.1
三星Galaxy A51（8GB/128GB/全网通/5G版）后置4800万四摄，4500mAh大电池，Super AMOLED星点屏,2299,2299,6.6,5.7,6.9,6.1,6.5,7.7
iQOO 7（8GB/128GB/全网通/5G版）高通骁龙888，120W​​超快闪充，120Hz全感屏，全感抑制系统，4K级动力泵液冷散热,3798,3198,8.7,9.3,9.6,8.0,8.9,8.5
三星W20（12GB/512GB/全网通/5G版）5G超高速，全方位摄像头组，折叠屏,9999, ,1.6, , , , , 
OPPO Reno5 Pro（12GB/256GB/全网通/5G版）6400万水光人像四摄，30个月流畅护航，星钻工艺,3799,3799,9.2,8.3,8.0,9.6,9.7,9.6
华为P40 Pro（8GB/256GB/全网通/5G版）徕卡四摄，麒麟990 5G，40W快充,6488,6488,8.7,8.9,9.0,7.5,9.8,9.8
realme GT Neo（6GB/128GB/全网通/5G版）联发科天玑1200，3D钢化VC液冷散热，GT模式，50W智慧闪充,1799,1899,8.6,9.5,9.2,7.7,8.1,8.0
U-MAGIC 优畅享20 Plus（6GB/128GB/全网通/5G版）天玑720，90Hz刷新率，升降摄像头,2038, , , , , , , 
vivo Y53s t2版（8GB/128GB/全网通/5G版）联发科天玑900处理器，5000mAh大电池，6400万超清主摄， 90Hz高刷屏，双模5G全网通,1799, , , , , , , 
小米12 mini（全网通/5G版）,概念产品, , , , , , , 
三星GALAXY A71（8GB/128GB/全网通/5G版）Exynos 980，双模5G，1TB扩展存储,2899, ,8.2, , , , , 
Redmi Note 10（8GB/256GB/全网通/5G版）联发科天玑700处理器，4800万后置三摄，90Hz变速高刷屏，5000mAh大电量,1599, ,6.9, , , , , 
小米12 Ultra（全网通/5G版）,概念产品, ,8.0, , , , , 
华为Mate X（8GB/512GB/全网通/5G版）可折叠全面屏，5G双模，徕卡联合设计,16999, ,8.4, , , , , 
荣耀畅玩9A（4GB/64GB/全网通）巨肺小霸王，超长续航，双卡双待,1109,869,6.5,7.5,5.3,8,6.9,4.8
OPPO A53（6GB/128GB/全网通/5G版）AI智能三摄，双模5G，天玑720,1599,1399,8.6,8.0,5.5,9.1,9.0,8.2
苹果iPhone 11 Pro（4GB/256GB/全网通）HDR10，后置三摄，神经网络引擎，独立取景器,8399,8279,8.6,6.7,9.2,6.5,7.0,9.0
华为nova 6 5G（8GB/256GB/全网通）麒麟990芯片，105°前置广角双摄，超感光暗拍，DXOMARK MOBILE,3499,5799,8.7,8.6,9.1,8.2,8.3,6.9
realme GT Neo 闪速版（12GB/256GB/全网通/5G版）联发科天玑1200处理器，6400万索尼主摄，钢化VC液冷散热，65w智慧闪充,2299,2199,8.3,9.4,9.0,8.0,8.0,8.3
华为Mate40 Pro（8GB/512GB/全网通/4G版/素皮版）麒麟9000，88°超曲环幕屏，66W快充，50W无线快充，IP68级防水防尘，3D人脸识别,即将上市, ,8.7, , , , , 
中兴AXON 30（12GB/256GB/全网通/5G版）高通骁龙870处理器，120Hz OLED显示屏，全新一代屏下摄像，三重VC液冷,2998,2998,6.8,7.8,7.8,6.2,6.2,6.2
荣耀畅玩20（8GB/128GB/全网通）5000mAh大电池，128GB大容量存储，6.5英寸高清护眼屏,1399, ,6.9, , , , , 
魅族18X（8GB/128GB/全网通/5G版）高通骁龙870处理器，120Hz柔性屏，6400万AI超清三摄 ，4300mAh大电池,2599,2599,6.7,5.9,6.4,6.4,7.5,7.5
华为P30（8GB/128GB/全网通）,3788,3688,9.6,8.9,9.5,8.2,9.0,8.7
Moto Edge X30（12GB/256GB/全网通/5G版）骁龙8 Gen1处理器，超大底前后三主摄，68W快充，144Hz10亿色超感臻彩屏,3399, , , , , , , 
苹果iPhone Flip,概念产品, , , , , , , 
三星Galaxy Z Flip3（8GB/256GB/全网通/5G版/Thom Browne限量版）,16499, ,8.6, , , , , 
vivo X60 Pro+（12GB/256GB/全网通/5G版）微云台双主摄，骁龙888，蔡司联合影像系统,5998,5498,9.0,9.0,9.5,8.9,9.0,9.3
vivo X60曲屏版（8GB/256GB/全网通/5G版）蔡司光学镜头，微云台黑光夜视2.0，三星5nm旗舰芯片,3799,3499,8.0,8,8,8,8,8
Redmi Note 9 Pro（8GB/256GB/全网通/5G版）一亿像素，骁龙750G，33W快充，120Hz刷新率,1999,1669,8.1,8.8,8.4,7.4,6.4,7.9
华为Mate40 Pro（8GB/512GB/全网通/4G/玻璃版）麒麟9000，88°超曲环幕屏，66W快充，50W无线快充，IP68级防水防尘，3D人脸识别,即将上市, ,8.7, , , , , 
荣耀X20 SE（6GB/128GB/全网通/5G版）联发科天玑700处理器，6400万高清AI三摄，6.6英寸超窄边全视屏，22.5w超级快充长续航,1799,1499,8.8,8.9,9.0,8.4,9.4,9.0
一加9R（8GB/256GB/全网通/5G版）高通骁龙870，五指240Hz触控，4D立体游戏振感，智能散热系统,3299,2799,8.2,9.1,9.0,7.7,9.0,8.2
魅族18s（8GB/128GB/全网通/5G版）高通骁龙888Plus处理器，2K曲面屏，高通二代超声波屏下指纹,3699,3699,7.0,8,6.4,8,6.4,6.4
黑鲨4S（8GB/128GB/全网通/5G版）高通骁龙870处理器，144Hz显示屏，磁动力升降肩键,2699,2699,8.9,9.2,8.9,9.0,8.8,8.6
荣耀30青春版（6GB/128GB/全网通/5G版）90Hz刷新率，4000mAh大电池，AI极速抓拍,1899,1899,8.5,8.9,8.9,8.3,8.3,8.3
vivo NEX Fold,概念产品, , , , , , , 
华为P40（8GB/128GB/全网通/5G版）徕卡三摄，麒麟990 5G，WiFi 6,4488,4488,8.6,8.5,9.0,8.3,8.7,9.1
realme Q3 Pro（8GB/256GB/全网通/5G版）天玑1100旗舰芯，120Hz三星AMOLED屏，30W智慧快充，全息潮玩设计,1999,1609,8.1,6.4,7.0,6.4,7.2,2.4
联想拯救者电竞手机2 Pro（16GB/256GB/全网通/5G版）,4499, ,7.4, , , , , 
OPPO Reno5 Pro+（12GB/256GB/全网通/5G版）骁龙865，65W超级闪充，IMX766传感器,4499,4499,9.3,9.1,9.6,9.2,9.7,9.2
OPPO Reno7 SE（8GB/256GB/全网通/5G版）天玑900处理器，4800万质感人像三摄，星空拓印工艺，90Hz高感屏,2399, ,8.7, , , , , 
苹果iPhone 13 mini（512GB/全网通/5G版）A15仿生芯片，超瓷晶面板，超视网膜XDR显示屏,7599, ,6.8, , , , , 
华为nova 8 Pro（8GB/256GB/全网通/4G版）麒麟985，Wi-Fi 6+，6400万魅力四摄，66W超级快充，120Hz刷新率,4099, ,9.0, , , , , 
酷派COOL 20（6GB/128GB/全网通）G80高性能游戏芯，4800万超清相机，128GB大存储,1099,1069,6.1,6.4,4.8,6.4,6.4,6.4
魅族17（8GB/128GB/全网通/5G版）超线性扬声器，mSmart 5G，mEngine 3.0，全场景影像系统,3199, ,8.7, , , , , 
vivo S9（12GB/256GB/全网通/5G版）约7.35mm纤薄机身，全球首发天玑1100，双极夜柔光灯,3299,2999,8.7,9.1,9.1,8.7,9.0,8.9
华为Mate40E（8GB/256GB/全网通/5G版）麒麟990E，68°曲面屏，超感知徕卡影像,5099,5099,6.7,6.8,6.8,6.8,6.8,6.3
iQOO 7（8GB/256GB/全网通/5G版）高通骁龙888，120W超快闪充，120Hz全感屏，全感抑制系统，4K级动力泵液冷散热,3898,3398,8.7,9.3,9.6,8.0,8.9,8.5
ROG 游戏手机5s（12GB/256GB/全网通/5G版）高通骁龙888Plus处理器，144Hz三星E4屏，2x3双操控肩键，6000mAh电池,4699, , , , , , , 
TOSOT G7（8GB/256GB/全网通/5G版）,3099, ,4.8, , , , , 
华为P50 Pro+（全网通/5G版）,概念产品, , , , , , , 
Redmi Note 11 Pro+（8GB/256GB/全网通/5G版）联发科天玑920处理器，对称式超线性双扬声器，1亿像素后置三摄，VC液冷散热,2299, ,6.4, , , , , 
华为Mate40E（8GB/256GB/全网通/4G版）麒麟990E，68°曲面屏，超感知徕卡影像,4699,4699,6.7,6.8,6.8,6.8,6.8,6.3
华为nova 7 SE（8GB/128GB/5G版/全网通/乐活版）6400万高清AI四摄，6.5英寸极点全面屏，40W华为超级快充，4000mAh大电池,2299, ,8.7, , , , , 
一加8 Pro（12GB/256GB/全网通/5G版）骁龙865，120Hz刷新率，LPDDR5,5899, ,8.5, , , , , 
8848 钛金手机M6（8GB/256GB/全网通/5G版/尊享版）钛合金边框，欧洲进口牛皮，骁龙865，双模5G,12999,12999,6.8,2.6,7.4,9,9,5.8
荣耀30S（8GB/256GB/全网通/5G版）5G双模，麒麟820，40W快充,2949,3599,8.6,9.0,9.3,7.6,8.3,8.0
中兴AXON 30 Ultra（16GB/1TB/全网通/5G版）高通骁龙888，三摄同拍同录，三重VC液冷散热，斯坦尼康级防抖,6666, ,9.6, , , , , 
Redmi Note 9（6GB/128GB/全网通/4G版）6000mAh大电池，骁龙662处理器，18W快充,1099,969,6.5,6.6,6.1,7.4,6.6,5.8
vivo S9e（8GB/256GB/全网通/5G版）潮流设计，3200万极夜自拍，6400万超清后置,2699,2199,6.7,6.6,6.6,6.6,7,6.6
realme V13（8GB/128GB/全网通/5G版）联发科天玑700，90Hz畅速全面屏，侧面指纹识别,1599,1599,7.0,7.3,7.3,7.3,7.3,5.7
vivo NEX 5（全网通/5G版）,概念产品, , , , , , , 
Moto Edge S30（8GB/128GB/全网通/5G版）骁龙888 Plus处理器，一亿像素大底主摄，144Hz智能高刷电竞屏，5000mAh大电池,1999, , , , , , , 
realme Q2（6GB/128GB/全网通/5G版）双模5G，天玑800U，120Hz畅速屏，30W闪充,1299,1298,8.3,8.4,7.5,9.4,7.3,7.9
小米10青春版（6GB/64GB/全网通/5G版）50倍潜望式变焦，AI魔法分身，双模5G,2099, ,7.9, , , , , 
中兴AXON 30 Pro（16GB/1TB/全网通/5G版）高通骁龙888，多摄同拍同录，三重VC液冷散热，多功能NFC,5566, ,8.7, , , , , 
iQOO Z3（12GB/256GB/全网通/5G版）120Hz高刷屏，6400万三摄，双模5G全网通,2099, ,8.6, , , , , 
Redmi 9（6GB/128GB/全网通）联发科G80，后置AI四摄，5020mAh大电池,1199,999,6.6,7.2,6.6,7.8,6.4,4.8
华为畅享10（6GB/128GB/全网通）4800万超清夜景，6.39英寸极点全面屏，6GB大内存,1399,1499,8.4,7.5,8.6,8.0,6.7,3.9
vivo S9（8GB/256GB/全网通/5G版）约7.35mm纤薄机身，全球首发天玑1100，双极夜柔光灯,2999,2799,8.7,9.1,9.1,8.7,9.0,8.9
雷鸟FF1（8GB/256GB/全网通/5G版）高通骁龙690处理器，6400万超清影像，66W超级快充，120Hz高刷屏,2799, ,6.8, , , , , 
Google Pixel 5（8GB/128GB/全网通/5G版）支持HDR，双像素相位检测自动对焦，18W快充,8399, ,6.9, , , , , 
vivo Y30g（8GB/128GB/全网通）5000mAh大电池，18W双引擎闪充，AI智慧影像,1499, , , , , , , 
Redmi K30（6GB/128GB/全网通/5G版/至尊纪念版）弹出全面屏，120Hz刷新率，HDR 10+,2186,2999,8.5,8.2,9.2,7.5,8.8,7.8
苹果iPhone13 Max,概念产品, , , , , , , 
Redmi 8A（4GB/64GB/全网通）5000mAh大电量， 支持18W快充 ，水滴全面屏，AI人脸解锁,699,699,6.1,7.4,4.9,8.7,5.8,3.9
realme Q3t（8GB/256GB/全网通/5G版）高通骁龙778G处理器，144Hz可变帧电竞屏，4800万像素流光人像三摄,2099, , , , , , , 
vivo Y31s t1版（4GB/64GB/全网通/5G版）天玑700，5G+5G双卡双待，5000mAh大电池，6.51英寸高清护眼屏,1399, , , , , , , 
魅族18（12GB/256GB/全网通/5G版/中华白海豚珍稀版）新一代超声波指纹解锁，高通骁龙888，6400W超级防抖全场景影像系统，Flyme 9安全纯净系统,8999, ,8.5, , , , , 
中兴AXON 30（8GB/128GB/全网通/5G版）高通骁龙870处理器，120Hz OLED显示屏，全新一代屏下摄像，三重VC液冷,2498,2198,6.8,7.8,7.8,6.2,6.2,6.2
小米12 SE（全网通/5G版）,概念产品, , , , , , , 
苹果iPhone XS（国际版/全网通）,6999,3588,8.3,7.5,9.5,7.2,8.2,8.2
Redmi 10X Pro（8GB/128GB/全网通/5G版）天玑820，双5G待机，4800万流光四摄相机，30倍变焦，水滴全面屏,2099,2099,6.8,7.4,6.2,7,7,6.2
荣耀V30（8GB/128GB/全网通/5G版）双模5G，麒麟990，突破性相机矩阵,3099, ,8.5, , , , , 
华为畅享10（4GB/128GB/全网通）6.39英寸极点全面屏，128GB大存储，全新华为EMUI 9.1,1199,1299,8.4,7.5,8.6,8.0,6.7,3.9
NZONE S7 Pro（8GB/256GB/全网通/5G版）,2499, ,6.1, , , , , 
努比亚红魔6R（12GB/128GB/全网通/5G版）高通骁龙888移动平台，144Hz超清电竞屏，400Hz触控游戏肩键，立体多维散热系统,3299, , , , , , , 
华为Mate30（8GB/256GB/全网通/5G版/玻璃版）IP53防水防尘，磁悬浮发声技术，4000万超感光徕卡影像，OLED全面屏,4999,5399,8.5,8.4,9.5,8.9,9.2,9.1
Redmi K30（6GB/128GB/全网通/5G版）120Hz刷新率，高通 骁龙765G，6400万像素，铜管液冷散热,1599,1599,7.0,6.9,6.0,7.6,7.1,7.6
三星Galaxy Z Flip（8GB/256GB/全网通）折叠手机，自适应模式，灵动外屏,7699, ,5.8, , , , , 
华为P30（8GB/256GB/全网通）超感光徕卡三摄，5倍混合，双景录像,4288, ,9.6, , , , , 
vivo Y52s（8GB/256GB/全网通/5G版）后置4800万双摄，5000mAh电池，90Hz高刷,1999,1999,6.8,6.6,7.2,6.6,6.6,7.2
iQOO U1x（4GB/64GB/全网通）AI全场景三摄，5000mAh大电池，骁龙662处理器,899, ,7.0, , , , , 
realme Q3i（6GB/128GB/全网通/5G版）5000mAh大电池，90Hz畅速全面屏，4800万多功能三摄，DRE动态运存拓展技术,1099, , , , , , , 
realme Q3（8GB/256GB/全网通/5G版）高通骁龙750G处理器，120Hz电竞屏，30w智慧闪充，5000毫安大容量电池,1599,1599,6.9,7.4,6.6,7.4,6.6,6.6
realme V15（8GB/128GB/全网通/5G版）50W闪充，179g轻薄机身，6400万像素AI三摄,1999,1999,8.1,8.2,7.0,8.5,8.4,7.6
三星Galaxy A50s（6GB/128GB/全网通）4800万后置三摄，多功能NFC，游戏助推器,1892, ,8.5, , , , , 
VERTU SIGNATURE 眼镜蛇限量款（全网通）,247.4万,2474000,5.4,5.1,5.2,5.7,6,5.1
Moto razr（8GB/256GB/全网通/5G版）刀锋折叠屏，4800万像素超强自拍，双屏双视界，无缝无折痕,12499, ,8.6, , , , , 
华为Mate40 RS保时捷版（12GB/512GB/全网通/5G版/典藏版）麒麟9000，88°超曲环幕屏，超感知徕卡电影五摄，星钻设计镜头，66W快充，50W无线快充,13999,13999,8.8,8.8,9.2,8.3,8.3,9.3
中兴Blade V2022（4GB/64GB/全网通）6.82英寸高清大内存，5000mAh大电池，1600万AI三摄,849, , , , , , , 
vivo X70 Pro（12GB/512GB/全网通/5G版）三星Exynos1080处理器，5000万像素微云台主摄，专业影像芯片 V1，全新萤石AG工艺,5299,5299,6.7,5.3,6.4,6.9,8,6.9
realme X7 Pro至尊版（8GB/128GB/全网通/5G版）,2299, ,6.7, , , , , 
vivo S10e（8GB/128GB/全网通/5G版）,2399, ,7.4, , , , , 
OPPO Reno6 Pro+（128GB/256GB/全网通/5G版/名侦探柯南限定版）高通骁龙870，5000万像素四摄，65w超级快充，90Hz OLED显示屏,4499, ,9.1, , , , , 
华为麦芒9（8GB/128GB/全网通/5G版）22.5W超级快充，6400w高清摄影，极速5G新体验,2399,2399,8.5,8.4,8.8,8.2,8.2,8.2
OPPO Find X3 Pro（16GB/512GB/全网通/5G版/火星探索版）高通骁龙888移动平台，火星探索版定制 OS 主题，火星色彩滤镜，未来流线设计,6999, ,9.1, , , , , 
黑鲨4（8GB/256GB/全网通/5G版）骁龙870，磁动力升降肩键，120W极速闪充，游戏语音操控,2999, ,8.3, , , , , 
华为nova 5Z（6GB/128GB/全网通）,1499,1799,8.7,8.1,8.9,8.7,8.2,7.3
小米11 青春活力版（8GB/256GB/全网通/5G版）,2299, , , , , , , 
荣耀60 SE,概念产品, , , , , , , 
iQOO U3x标准版（4GB/128GB/全网通）Helio G80八核处理器，5000毫安大容量电池，侧边指纹识别，18w双引擎闪充,899, , , , , , , 
OPPO AX5s（3GB/64GB/全网通）,6990, , , , , , , 
小米10（8GB/256GB/全网通/5G版/至尊纪念版）120倍变焦，120W闪充，120Hz刷新率，240Hz采样率,5599, ,8.7, , , , , 
荣耀Play5（8GB/256GB/全网通/5G版）66W超级快充，7.46mm超薄设计，6400万超清四摄，OLED真彩屏,2299,1799,6.8,6.5,6.5,8.1,6.5,6.5
华为nova 5i（8GB/128GB/全网通）,1999, ,6.0, , , , , 
荣耀畅玩20（4GB/128GB/全网通）5000mAh大电池，128GB大容量存储，6.5英寸高清护眼屏,899, ,6.9, , , , , 
OPPO A35（4GB/64GB/全网通）,899,999,8.6,8.8,7.3,8.9,8.9,9.0
诺基亚3310复刻版（移动/联通2G）彩色屏幕，搭载S30系统，支持网页浏览，贪食蛇游戏,329, ,7.1, , , , , 
OPPO A93（8GB/128GB/全网通/5G版）90Hz刷新率，5000mAh大电池，后置4800W四摄,1699,1599,8.8,8.5,8.5,9.4,9.2,8.5
OPPO K7x（8GB/128GB/全网通/5G版）5000mAh长续航，90Hz电竞屏，4800万四摄，30W闪充,1699,1499,9.0,9.1,8.0,9.6,8.8,9.3
华为nova 4（6GB/128GB/全网通）,1558, ,8.8, , , , , 
小米Play（6GB/128GB/全网通）,1055, ,7.6, , , , , 
小米10（8GB/256GB/全网通）骁龙865，一亿像素，8K电影相机,2818,4299,8.2,9.2,9.0,8.1,7.3,8.2
诺基亚C20 Plus（3GB/32GB/全网通）老人老年机，双卡双待，一键直达健康码，12个月内以换代修,799,799,5.3,6.9,3.7,6.9,6.9,2.1
三星Galaxy S20 FE（8GB/256GB/全网通/5G版）3倍光学变焦，AI一键多拍，高通骁龙 865,4999,3399,8.5,8.4,8.8,9.1,8.2,8.6
荣耀Play4T Pro（8GB/128GB/全网通）麒麟810芯片，OLED屏幕指纹，4800万高感光夜拍三摄,1699,1699,8.6,8.7,9.3,8.7,9.0,7.9
华为畅享10（6GB/64GB/全网通）4800万超清夜景，6.39英寸极点全面屏，6GB大内存,1299,1299,8.4,7.5,8.6,8.0,6.7,3.9
华为畅享10 Plus（6GB/128GB/全网通）4800万超广角AI三摄像，128GB大内存,1569,1699,6.7,6.5,6.8,6.1,7.4,6.5
华为畅享10 Plus（8GB/128GB/全网通）128GB大内存，6.59英寸全视屏，前置悬浮式镜头,1799,1799,6.7,6.5,6.8,6.1,7.4,6.5
Redmi Note 11T,概念产品, , , , , , , 
vivo S7t（8GB/128GB/全网通/5G版）天玑820，后置三摄，双模5G,2598,2598,6.7,4.4,5.5,7.6,8.7,7.1
